,id,release_date,unkonwn,action,adventure,animation,childrens,comedy,crime,documentary,drama,fantasy,film-noir,horror,musical,mystery,romance,sci-fi,thriller,war,western
0,1,1995,0,0,0,1,1,1,0,0,0,0,0,0,0,0,0,0,0,0,0
1,2,1995,0,1,1,0,0,0,0,0,0,0,0,0,0,0,0,0,1,0,0
2,3,1995,0,0,0,0,0,0,0,0,0,0,0,0,0,0,0,0,1,0,0
3,4,1995,0,1,0,0,0,1,0,0,1,0,0,0,0,0,0,0,0,0,0
4,5,1995,0,0,0,0,0,0,1,0,1,0,0,0,0,0,0,0,1,0,0
5,6,1995,0,0,0,0,0,0,0,0,1,0,0,0,0,0,0,0,0,0,0
6,7,1995,0,0,0,0,0,0,0,0,1,0,0,0,0,0,0,1,0,0,0
7,8,1995,0,0,0,0,1,1,0,0,1,0,0,0,0,0,0,0,0,0,0
8,9,1995,0,0,0,0,0,0,0,0,1,0,0,0,0,0,0,0,0,0,0
9,10,1996,0,0,0,0,0,0,0,0,1,0,0,0,0,0,0,0,0,1,0
10,11,1995,0,0,0,0,0,0,1,0,0,0,0,0,0,0,0,0,1,0,0
11,12,1995,0,0,0,0,0,0,1,0,0,0,0,0,0,0,0,0,1,0,0
12,13,1995,0,0,0,0,0,1,0,0,0,0,0,0,0,0,0,0,0,0,0
13,14,1994,0,0,0,0,0,0,0,0,1,0,0,0,0,0,1,0,0,0,0
14,15,1996,0,0,0,0,0,0,0,0,1,0,0,0,0,0,0,0,0,0,0
15,16,1995,0,0,0,0,0,1,0,0,0,0,0,0,0,0,1,0,0,0,0
16,17,1996,0,1,0,0,0,1,1,0,0,0,0,1,0,0,0,0,1,0,0
17,18,1995,0,0,0,0,0,0,0,0,1,0,0,0,0,0,0,0,0,0,0
18,19,1995,0,0,0,0,0,0,0,0,1,0,0,0,0,0,0,0,0,0,0
19,20,1995,0,0,0,0,0,0,0,0,1,0,0,0,0,0,1,0,0,0,0
20,21,1996,0,1,1,0,0,1,0,0,0,0,0,0,1,0,0,0,1,0,0
21,22,1996,0,1,0,0,0,0,0,0,1,0,0,0,0,0,0,0,0,1,0
22,23,1996,0,0,0,0,0,0,0,0,1,0,0,0,0,0,0,0,1,0,0
23,24,1996,0,1,1,0,0,0,1,0,0,0,0,0,0,0,0,0,0,0,0
24,25,1996,0,0,0,0,0,1,0,0,0,0,0,0,0,0,0,0,0,0,0
25,26,1995,0,0,0,0,0,1,0,0,0,0,0,0,0,0,0,0,0,0,0
26,27,1995,0,1,0,0,0,0,0,0,0,0,0,0,0,0,0,0,0,0,0
27,28,1995,0,1,0,0,0,0,0,0,1,0,0,0,0,0,0,0,1,0,0
28,29,1995,0,1,1,0,0,1,1,0,0,0,0,0,0,0,0,0,0,0,0
29,30,1967,0,0,0,0,0,0,0,0,1,0,0,0,0,0,0,0,0,0,0
30,31,1995,0,0,0,0,0,0,0,0,1,0,0,0,0,0,0,0,1,1,0
31,32,1994,0,0,0,0,0,0,0,1,0,0,0,0,0,0,0,0,0,0,0
32,33,1995,0,1,0,0,0,0,0,0,0,0,0,0,0,0,1,0,1,0,0
33,34,1995,0,0,0,0,0,1,0,0,1,0,0,0,0,0,0,0,0,0,0
34,35,1995,0,0,1,0,1,0,0,0,1,0,0,0,0,0,0,0,0,0,0
35,36,1995,0,0,0,0,0,0,0,0,1,0,0,0,0,0,1,0,0,0,0
36,37,1994,0,0,0,0,0,0,0,0,1,0,0,0,0,0,0,0,0,0,0
37,38,1995,0,0,0,0,0,0,0,0,0,0,0,0,0,0,0,1,1,0,0
38,39,1995,0,1,0,0,0,0,1,0,0,0,0,0,0,0,0,1,0,0,0
39,40,1995,0,0,0,0,0,1,0,0,0,0,0,0,0,0,0,0,0,0,0
40,41,1995,0,0,0,0,0,1,0,0,0,0,0,0,0,0,0,0,0,0,0
41,42,1994,0,0,0,0,0,1,0,0,0,0,0,0,0,0,0,0,0,0,0
42,43,1994,0,0,0,0,0,0,0,0,1,0,0,0,0,0,0,0,1,0,0
43,44,1994,0,0,0,0,0,0,0,0,1,0,0,0,0,0,0,0,1,0,0
44,45,1994,0,0,0,0,0,1,0,0,1,0,0,0,0,0,0,0,0,0,0
45,46,1994,0,0,0,0,0,0,0,0,1,0,0,0,0,0,0,0,0,0,0
46,47,1994,0,0,0,0,0,1,0,0,1,0,0,0,0,0,0,0,0,0,0
47,48,1994,0,0,0,0,0,0,0,1,0,0,0,0,0,0,0,0,0,0,0
48,49,1994,0,0,0,0,0,1,0,0,0,0,0,0,0,0,1,0,0,0,0
49,50,1977,0,1,1,0,0,0,0,0,0,0,0,0,0,0,1,1,0,1,0
50,51,1994,0,0,0,0,0,0,0,0,1,0,0,0,0,0,1,0,0,1,1
51,52,1994,0,0,0,0,0,0,0,0,1,0,0,0,0,0,0,0,0,0,0
52,53,1994,0,1,0,0,0,0,0,0,0,0,0,0,0,0,0,0,1,0,0
53,54,1995,0,1,0,0,0,0,0,0,1,0,0,0,0,0,0,0,1,0,0
54,55,1994,0,0,0,0,0,0,1,0,1,0,0,0,0,0,1,0,1,0,0
55,56,1994,0,0,0,0,0,0,1,0,1,0,0,0,0,0,0,0,0,0,0
56,57,1994,0,0,0,0,0,0,0,0,1,0,0,0,0,0,0,0,0,0,0
57,58,1994,0,0,0,0,0,0,0,0,1,0,0,0,0,0,0,0,0,0,0
58,59,1994,0,0,0,0,0,0,0,0,1,0,0,0,0,0,0,0,0,0,0
59,60,1993,0,0,0,0,0,0,0,0,1,0,0,0,0,0,0,0,0,0,0
60,61,1994,0,0,0,0,0,0,0,0,1,0,0,0,0,0,0,0,0,0,0
61,62,1994,0,1,1,0,0,0,0,0,0,0,0,0,0,0,0,1,0,0,0
62,63,1994,0,0,0,0,1,1,0,0,0,0,0,0,0,0,0,0,0,0,0
63,64,1994,0,0,0,0,0,0,0,0,1,0,0,0,0,0,0,0,0,0,0
64,65,1993,0,0,0,0,0,1,0,0,1,0,0,0,0,0,0,0,0,0,0
65,66,1995,0,0,0,0,0,1,0,0,0,0,0,0,0,0,1,0,0,0,0
66,67,1994,0,0,0,0,0,1,0,0,0,0,0,0,0,0,0,0,0,0,0
67,68,1994,0,1,0,0,0,0,0,0,0,0,0,0,0,0,1,0,1,0,0
68,69,1994,0,0,0,0,0,1,0,0,0,0,0,0,0,0,1,0,0,1,0
69,70,1994,0,0,0,0,0,1,0,0,0,0,0,0,0,0,1,0,0,0,0
70,71,1994,0,0,0,1,1,0,0,0,0,0,0,0,1,0,0,0,0,0,0
71,72,1994,0,0,0,0,0,1,1,0,0,1,0,0,0,0,0,0,0,0,0
72,73,1994,0,1,0,0,0,1,0,0,0,0,0,0,0,0,0,0,0,0,1
73,74,1965,0,1,0,0,0,1,0,0,1,0,0,0,0,0,0,0,0,0,0
74,75,1994,0,0,0,0,0,0,0,1,0,0,0,0,0,0,0,0,0,0,0
75,76,1993,0,0,0,0,0,0,1,0,1,0,0,0,0,0,0,0,0,0,0
76,77,1993,0,0,0,0,0,0,0,0,1,0,0,0,0,0,0,0,1,0,0
77,78,1993,0,0,1,0,1,0,0,0,1,0,0,0,0,0,0,0,0,0,0
78,79,1993,0,1,0,0,0,0,0,0,0,0,0,0,0,0,0,0,1,0,0
79,80,1993,0,1,0,0,0,1,0,0,0,0,0,0,0,0,0,0,0,1,0
80,81,1994,0,0,0,0,0,1,0,0,0,0,0,0,0,0,1,0,0,0,0
81,82,1993,0,1,1,0,0,0,0,0,0,0,0,0,0,0,0,1,0,0,0
82,83,1993,0,0,0,0,0,1,0,0,0,0,0,0,0,0,1,0,0,0,0
83,84,1994,0,0,0,0,0,0,0,0,0,0,0,1,0,0,0,1,0,0,0
84,85,1994,0,0,0,0,0,1,0,0,0,0,0,0,0,0,0,0,0,0,0
85,86,1993,0,0,0,0,0,0,0,0,1,0,0,0,0,0,0,0,0,0,0
86,87,1993,0,0,0,0,0,0,0,0,1,0,0,0,0,0,0,0,0,0,0
87,88,1993,0,0,0,0,0,1,0,0,0,0,0,0,0,0,1,0,0,0,0
88,89,1982,0,0,0,0,0,0,0,0,0,0,1,0,0,0,0,1,0,0,0
89,90,1993,0,0,0,0,0,1,0,0,0,0,0,0,0,0,1,0,1,0,0
90,91,1993,0,0,0,0,1,1,0,0,0,0,0,0,1,0,0,0,0,0,0
91,92,1993,0,1,0,0,0,0,1,0,0,0,0,0,0,0,1,0,0,0,0
92,93,1996,0,0,0,0,0,1,0,0,1,0,0,0,0,0,0,0,0,0,0
93,94,1990,0,0,0,0,1,1,0,0,0,0,0,0,0,0,0,0,0,0,0
94,95,1992,0,0,0,1,1,1,0,0,0,0,0,0,1,0,0,0,0,0,0
95,96,1991,0,1,0,0,0,0,0,0,0,0,0,0,0,0,0,1,1,0,0
96,97,1990,0,0,1,0,0,0,0,0,1,0,0,0,0,0,0,0,0,0,1
97,98,1991,0,0,0,0,0,0,0,0,1,0,0,0,0,0,0,0,1,0,0
98,99,1937,0,0,0,1,1,0,0,0,0,0,0,0,1,0,0,0,0,0,0
99,100,1997,0,0,0,0,0,0,1,0,1,0,0,0,0,0,0,0,1,0,0
100,101,1981,0,1,1,1,0,0,0,0,0,0,0,1,0,0,0,1,0,0,0
101,102,1970,0,0,0,1,1,0,0,0,0,0,0,0,0,0,0,0,0,0,0
102,103,1996,0,0,0,1,1,0,0,0,0,0,0,0,1,0,0,0,0,0,0
103,104,1996,0,0,0,0,0,1,0,0,0,0,0,0,0,0,0,0,0,0,0
104,105,1996,0,0,0,0,0,1,0,0,0,0,0,0,0,0,0,0,0,0,0
105,106,1996,0,0,0,0,0,0,0,0,1,0,0,0,0,0,0,0,1,0,0
106,107,1996,0,0,0,0,0,0,0,0,1,0,0,0,0,0,0,0,0,0,0
107,108,1996,0,0,0,0,0,1,0,0,0,0,0,0,0,0,0,0,0,0,0
108,109,1996,0,0,0,0,0,1,0,0,0,0,0,0,0,0,0,1,0,0,0
109,110,1995,0,1,1,0,0,1,0,0,0,0,0,0,0,0,0,0,0,1,0
110,111,1996,0,0,0,0,0,1,0,0,0,0,0,0,0,0,1,0,0,0,0
111,112,1996,0,0,1,0,1,0,0,0,0,0,0,0,0,0,0,0,0,0,0
112,113,1996,0,0,0,0,0,0,0,0,1,0,0,0,0,0,0,0,0,0,0
113,114,1996,0,0,0,1,0,0,0,0,0,0,0,0,0,0,0,0,0,0,0
114,115,1996,0,0,0,0,0,0,0,1,0,0,0,0,0,0,0,0,0,0,0
115,116,1996,0,0,0,0,0,1,0,0,0,0,0,0,0,0,0,0,0,0,0
116,117,1996,0,1,1,0,0,0,0,0,0,0,0,0,0,0,0,0,1,0,0
117,118,1996,0,1,1,0,0,0,0,0,0,0,0,0,0,0,0,0,1,0,0
118,119,1994,0,0,0,0,0,0,0,1,0,0,0,0,0,0,0,0,0,0,0
119,120,1996,0,0,0,0,0,1,1,0,0,0,0,0,0,0,0,0,0,0,0
120,121,1996,0,1,0,0,0,0,0,0,0,0,0,0,0,0,0,1,0,1,0
121,122,1996,0,0,0,0,0,1,0,0,0,0,0,0,0,0,0,0,0,0,0
122,123,1996,0,0,0,0,0,1,0,0,0,0,0,1,0,0,0,0,0,0,0
123,124,1996,0,0,0,0,0,0,0,0,1,0,0,0,0,1,0,0,0,0,0
124,125,1996,0,0,0,0,0,0,0,0,1,0,0,0,0,0,1,0,0,0,0
125,126,1996,0,0,0,0,0,0,0,0,1,0,0,0,0,0,0,0,0,0,0
126,127,1972,0,1,0,0,0,0,1,0,1,0,0,0,0,0,0,0,0,0,0
127,128,1996,0,1,0,0,0,0,0,0,0,0,0,0,0,0,0,0,1,0,0
128,129,1996,0,0,0,0,0,0,1,0,1,0,0,0,0,0,1,0,1,0,0
129,130,1996,0,0,0,0,0,0,1,0,0,0,0,0,0,0,0,0,0,0,0
130,131,1961,0,0,0,0,0,0,0,0,1,0,0,0,0,0,1,0,0,0,0
131,132,1939,0,0,1,0,1,0,0,0,1,0,0,0,1,0,0,0,0,0,0
132,133,1939,0,0,0,0,0,0,0,0,1,0,0,0,0,0,1,0,0,1,0
133,134,1941,0,0,0,0,0,0,0,0,1,0,0,0,0,0,0,0,0,0,0
134,135,1968,0,0,0,0,0,0,0,0,1,0,0,0,0,1,0,1,1,0,0
135,136,1939,0,0,0,0,0,0,0,0,1,0,0,0,0,0,0,0,0,0,0
136,137,1996,0,0,0,0,0,0,0,0,1,0,0,0,0,0,0,0,0,0,0
137,138,1996,0,0,0,0,1,1,0,0,0,0,0,0,0,0,0,0,0,0,0
138,139,1969,0,0,0,0,1,1,0,0,0,0,0,0,0,0,0,0,0,0,0
139,140,1993,0,0,1,0,1,0,0,0,0,0,0,0,0,0,0,0,0,0,0
140,141,1954,0,0,1,0,1,0,0,0,0,1,0,0,0,0,0,1,0,0,0
141,142,1971,0,0,1,0,1,0,0,0,0,0,0,0,1,0,0,0,0,0,0
142,143,1965,0,0,0,0,0,0,0,0,0,0,0,0,1,0,0,0,0,0,0
143,144,1988,0,1,0,0,0,0,0,0,0,0,0,0,0,0,0,0,1,0,0
144,145,1992,0,1,0,0,0,0,0,0,0,0,0,0,0,0,0,1,1,0,0
145,146,1996,0,0,0,0,0,0,0,0,1,0,0,0,0,0,0,0,0,0,0
146,147,1996,0,1,0,0,0,0,0,0,0,0,0,0,0,0,0,0,1,0,0
147,148,1996,0,1,1,0,0,0,0,0,0,0,0,0,0,0,0,0,0,0,0
148,149,1996,0,0,0,0,0,0,0,0,1,0,0,0,0,0,0,0,0,0,0
149,150,1996,0,0,0,0,0,1,0,0,1,0,0,0,0,0,0,0,0,0,0
150,151,1971,0,0,1,0,1,1,0,0,0,0,0,0,0,0,0,0,0,0,0
151,152,1973,0,0,0,0,0,1,0,0,0,0,0,0,0,0,0,1,0,0,0
152,153,1988,0,0,0,0,0,1,0,0,0,0,0,0,0,0,0,0,0,0,0
153,154,1979,0,0,0,0,0,1,0,0,0,0,0,0,0,0,0,0,0,0,0
154,155,1987,0,0,0,0,0,0,0,0,0,0,0,0,1,0,1,0,0,0,0
155,156,1992,0,0,0,0,0,0,1,0,0,0,0,0,0,0,0,0,1,0,0
156,157,1986,0,0,0,0,0,0,0,0,1,0,0,0,0,0,0,0,0,1,0
157,158,1989,0,0,0,0,0,1,0,0,0,0,0,0,0,0,0,0,0,0,0
158,159,1992,0,0,0,0,0,0,0,0,0,0,0,0,0,1,0,0,1,0,0
159,160,1992,0,0,0,0,0,0,0,0,1,0,0,0,0,0,0,0,0,0,0
160,161,1986,0,1,0,0,0,0,0,0,0,0,0,0,0,0,1,0,0,0,0
161,162,1981,0,0,0,0,0,0,0,0,1,0,0,0,0,0,0,0,0,0,0
162,163,1974,0,0,0,0,0,1,0,0,0,0,0,0,0,0,0,0,0,0,0
163,164,1989,0,1,1,0,0,0,0,0,0,0,0,0,0,0,0,1,1,0,0
164,165,1986,0,0,0,0,0,0,0,0,1,0,0,0,0,0,0,0,0,0,0
165,166,1986,0,0,0,0,0,0,0,0,1,0,0,0,0,0,0,0,0,0,0
166,167,1980,0,0,0,0,0,1,0,0,0,0,0,0,0,0,0,0,0,0,0
167,168,1974,0,0,0,0,0,1,0,0,0,0,0,0,0,0,0,0,0,0,0
168,169,1993,0,0,0,1,0,1,0,0,0,0,0,0,0,0,0,0,0,0,0
169,170,1988,0,0,0,0,0,1,0,0,1,0,0,0,0,0,1,0,0,0,0
170,171,1991,0,0,0,0,0,1,0,0,0,0,0,0,0,0,0,1,0,0,0
171,172,1980,0,1,1,0,0,0,0,0,1,0,0,0,0,0,1,1,0,1,0
172,173,1987,0,1,1,0,0,1,0,0,0,0,0,0,0,0,1,0,0,0,0
173,174,1981,0,1,1,0,0,0,0,0,0,0,0,0,0,0,0,0,0,0,0
174,175,1985,0,0,0,0,0,0,0,0,0,0,0,0,0,0,0,1,0,0,0
175,176,1986,0,1,0,0,0,0,0,0,0,0,0,0,0,0,0,1,1,1,0
176,177,1966,0,1,0,0,0,0,0,0,0,0,0,0,0,0,0,0,0,0,1
177,178,1957,0,0,0,0,0,0,0,0,1,0,0,0,0,0,0,0,0,0,0
178,179,1971,0,0,0,0,0,0,0,0,0,0,0,0,0,0,0,1,0,0,0
179,180,1979,0,0,0,0,0,0,0,0,1,0,0,0,0,0,0,0,0,1,0
180,181,1997,0,1,1,0,0,0,0,0,0,0,0,0,0,0,1,1,0,1,0
181,182,1990,0,0,0,0,0,0,1,0,1,0,0,0,0,0,0,0,0,0,0
182,183,1979,0,1,0,0,0,0,0,0,0,0,0,1,0,0,0,1,1,0,0
183,184,1993,0,1,1,0,0,1,0,0,0,0,0,1,0,0,0,1,0,0,0
184,185,1960,0,0,0,0,0,0,0,0,0,0,0,1,0,0,1,0,1,0,0
185,186,1980,0,1,0,0,0,1,0,0,0,0,0,0,1,0,0,0,0,0,0
186,187,1974,0,1,0,0,0,0,1,0,1,0,0,0,0,0,0,0,0,0,0
187,188,1987,0,1,0,0,0,0,0,0,1,0,0,0,0,0,0,0,0,1,0
188,189,1992,0,0,0,1,0,1,0,0,0,0,0,0,0,0,0,0,0,0,0
189,190,1989,0,0,0,0,0,0,0,0,1,0,0,0,0,0,0,0,0,1,0
190,191,1984,0,0,0,0,0,0,0,0,1,0,0,0,0,1,0,0,0,0,0
191,192,1980,0,0,0,0,0,0,0,0,1,0,0,0,0,0,0,0,0,0,0
192,193,1983,0,0,0,0,0,0,0,0,1,0,0,0,0,0,0,0,0,0,0
193,194,1973,0,0,0,0,0,1,1,0,0,0,0,0,0,0,0,0,0,0,0
194,195,1984,0,1,0,0,0,0,0,0,0,0,0,0,0,0,0,1,1,0,0
195,196,1989,0,0,0,0,0,0,0,0,1,0,0,0,0,0,0,0,0,0,0
196,197,1967,0,0,0,0,0,0,0,0,1,0,0,0,0,0,1,0,0,0,0
197,198,1990,0,0,0,0,0,0,0,0,0,0,0,0,0,0,0,0,1,0,0
198,199,1957,0,0,0,0,0,0,0,0,1,0,0,0,0,0,0,0,0,1,0
199,200,1980,0,0,0,0,0,0,0,0,0,0,0,1,0,0,0,0,0,0,0
200,201,1987,0,1,1,0,0,1,0,0,0,0,0,1,0,0,0,0,0,0,0
201,202,1993,0,0,0,0,0,1,0,0,0,0,0,0,0,0,1,0,0,0,0
202,203,1992,0,0,0,0,0,0,0,0,0,0,0,0,0,0,0,0,0,0,1
203,204,1985,0,0,0,0,0,1,0,0,0,0,0,0,0,0,0,1,0,0,0
204,205,1970,0,0,0,0,0,0,0,0,1,0,0,0,0,0,0,0,0,1,0
205,206,1988,0,0,1,1,0,0,0,0,0,0,0,0,0,0,0,1,1,0,0
206,207,1990,0,1,0,0,0,0,0,0,1,0,0,0,0,0,1,0,0,0,0
207,208,1974,0,0,0,0,0,1,0,0,0,0,0,1,0,0,0,0,0,0,0
208,209,1984,0,0,0,0,0,1,0,0,1,0,0,0,1,0,0,0,0,0,0
209,210,1989,0,1,1,0,0,0,0,0,0,0,0,0,0,0,0,0,0,0,0
210,211,1970,0,0,0,0,0,1,0,0,0,0,0,0,0,0,0,0,0,1,0
211,212,1988,0,0,0,0,0,0,0,0,1,0,0,0,0,0,0,0,0,0,0
212,213,1986,0,0,0,0,0,0,0,0,1,0,0,0,0,0,1,0,0,0,0
213,214,1982,0,0,0,0,0,0,0,0,1,0,0,0,1,0,0,0,0,1,0
214,215,1989,0,0,0,0,0,0,0,0,1,0,0,0,0,0,0,0,0,0,0
215,216,1989,0,0,0,0,0,1,0,0,0,0,0,0,0,0,1,0,0,0,0
216,217,1992,0,0,0,0,0,0,0,0,0,0,0,1,0,0,1,0,0,0,0
217,218,1991,0,0,0,0,0,0,0,0,0,0,0,0,0,0,0,0,1,0,0
218,219,1984,0,0,0,0,0,0,0,0,0,0,0,1,0,0,0,0,0,0,0
219,220,1996,0,0,0,0,0,1,0,0,0,0,0,0,0,0,1,0,0,0,0
220,221,1996,0,0,0,0,0,0,0,0,1,0,0,0,0,0,0,0,0,0,0
221,222,1996,0,1,1,0,0,0,0,0,0,0,0,0,0,0,0,1,0,0,0
222,223,1996,0,0,0,0,0,0,0,0,1,0,0,0,0,0,0,0,1,0,0
223,224,1996,0,0,0,0,0,0,0,0,1,0,0,0,0,0,0,0,0,0,0
224,225,1996,0,0,0,0,1,1,0,0,0,0,0,0,0,0,0,0,0,0,0
225,226,1990,0,1,0,0,0,0,0,0,0,0,0,0,0,0,0,0,1,0,0
226,227,1991,0,1,1,0,0,0,0,0,0,0,0,0,0,0,0,1,0,0,0
227,228,1982,0,1,1,0,0,0,0,0,0,0,0,0,0,0,0,1,0,0,0
228,229,1984,0,1,1,0,0,0,0,0,0,0,0,0,0,0,0,1,0,0,0
229,230,1986,0,1,1,0,0,0,0,0,0,0,0,0,0,0,0,1,0,0,0
230,231,1992,0,1,1,0,0,1,1,0,0,0,0,0,0,0,0,0,0,0,0
231,232,1988,0,1,0,0,0,1,0,0,0,0,0,0,0,0,0,0,0,0,1
232,233,1992,0,1,0,0,0,0,0,0,0,0,0,0,0,0,0,0,0,0,0
233,234,1975,0,1,0,0,0,0,0,0,0,0,0,1,0,0,0,0,0,0,0
234,235,1996,0,1,0,0,0,1,0,0,0,0,0,0,0,0,0,1,0,1,0
235,236,1996,0,0,0,0,0,1,0,0,1,0,0,0,0,0,0,0,0,0,0
236,237,1996,0,0,0,0,0,0,0,0,1,0,0,0,0,0,1,0,0,0,0
237,238,1987,0,0,0,0,0,1,0,0,0,0,0,0,0,0,0,0,0,0,0
238,239,1992,0,0,0,0,0,0,1,0,1,0,0,0,0,0,0,1,0,0,0
239,240,1996,0,0,0,1,0,1,0,0,0,0,0,0,0,0,0,0,0,0,0
240,241,1992,0,1,0,0,0,0,0,0,0,0,0,0,0,0,1,0,0,1,0
241,242,1997,0,0,0,0,0,1,0,0,0,0,0,0,0,0,0,0,0,0,0
242,243,1997,0,0,0,0,1,1,0,0,0,0,0,0,0,0,0,0,0,0,0
243,244,1997,0,1,0,0,0,0,0,0,1,0,0,0,0,0,0,0,1,0,0
244,245,1997,0,1,0,0,0,0,0,0,1,0,0,0,0,0,0,0,1,1,0
245,246,1997,0,0,0,0,0,0,0,0,1,0,0,0,0,0,1,0,0,0,0
246,247,1997,0,1,1,0,1,0,0,0,0,0,0,0,0,0,0,0,0,0,0
247,248,1997,0,0,0,0,0,1,1,0,0,0,0,0,0,0,0,0,0,0,0
248,249,1997,0,0,0,0,0,1,0,0,0,0,0,0,0,0,0,0,0,0,0
249,250,1997,0,1,0,0,0,0,0,0,0,0,0,0,0,0,0,1,0,0,0
250,251,1997,0,0,0,0,0,1,0,0,0,0,0,0,0,0,0,0,0,0,0
251,252,1997,0,1,1,0,0,0,0,0,0,0,0,0,0,0,0,1,1,0,0
252,253,1997,0,0,0,0,0,0,0,0,1,0,0,0,0,0,1,0,0,0,0
253,254,1997,0,1,1,0,0,0,1,0,0,0,0,0,0,0,0,0,0,0,0
254,255,1997,0,0,0,0,0,1,0,0,0,0,0,0,0,0,1,0,0,0,0
255,256,1997,0,0,0,0,0,1,0,0,0,0,0,0,0,0,1,0,0,0,0
256,257,1997,0,1,1,0,0,1,0,0,0,0,0,0,0,0,0,1,0,0,0
257,258,1997,0,0,0,0,0,0,0,0,1,0,0,0,0,0,0,1,0,0,0
258,259,1997,0,0,0,0,1,1,0,0,0,0,0,0,0,0,0,0,0,0,0
259,260,1997,0,1,0,0,0,0,0,0,0,0,0,0,0,1,0,1,1,0,0
260,261,1997,0,0,0,0,1,1,0,0,0,0,0,0,0,0,0,0,0,0,0
261,262,1997,0,0,0,0,0,0,0,0,1,0,0,0,0,0,0,0,0,0,0
262,263,1997,0,1,0,0,0,0,0,0,0,0,0,0,0,0,0,0,0,0,0
263,264,1997,0,0,0,0,0,0,0,0,0,0,0,0,0,0,0,1,1,0,0
264,265,1990,0,1,0,0,0,0,0,0,0,0,0,0,0,0,0,0,1,0,0
265,266,1997,0,1,1,0,0,0,0,0,0,0,0,0,0,0,0,0,0,0,0
267,268,1997,0,0,0,0,0,0,0,0,1,0,0,0,0,0,1,0,0,0,0
268,269,1997,0,0,0,0,0,1,0,0,0,0,0,0,0,0,0,0,0,0,0
269,270,1997,0,0,0,0,0,0,0,0,1,0,0,0,0,0,0,1,1,0,0
270,271,1997,0,1,1,0,0,0,0,0,0,0,0,0,0,0,0,1,0,1,0
271,272,1997,0,0,0,0,0,0,0,0,1,0,0,0,0,0,0,0,0,0,0
272,273,1995,0,1,0,0,0,0,1,0,0,0,0,0,0,0,0,0,1,0,0
273,274,1995,0,0,0,0,0,1,0,0,0,0,0,0,0,0,1,0,0,0,0
274,275,1995,0,0,0,0,0,0,0,0,1,0,0,0,0,0,1,0,0,0,0
275,276,1995,0,0,0,0,0,0,0,0,1,0,0,0,0,0,1,0,0,0,0
276,277,1995,0,0,0,0,0,0,0,0,1,0,0,0,0,0,0,0,0,0,0
277,278,1996,0,0,0,0,0,0,0,0,1,0,0,0,0,0,1,0,0,0,0
278,279,1995,0,0,0,0,0,0,0,0,1,0,0,0,0,0,0,0,0,0,0
279,280,1996,0,0,0,0,0,0,0,0,1,0,0,0,0,0,1,0,0,0,0
280,281,1994,0,1,0,0,0,0,0,0,0,0,0,0,0,0,0,0,1,0,0
281,282,1996,0,0,0,0,0,0,0,0,1,0,0,0,0,0,0,0,0,0,0
282,283,1996,0,0,0,0,0,0,0,0,1,0,0,0,0,0,1,0,0,0,0
283,284,1996,0,0,0,0,0,1,0,0,0,0,0,0,0,0,1,0,0,0,0
284,285,1996,0,0,0,0,0,0,0,0,1,0,0,0,0,0,0,0,0,0,0
285,286,1996,0,0,0,0,0,0,0,0,1,0,0,0,0,0,1,0,0,1,0
286,287,1996,0,0,0,0,0,0,0,0,1,0,0,0,0,0,0,0,0,0,0
287,288,1996,0,0,0,0,0,0,0,0,0,0,0,1,0,0,0,0,1,0,0
288,289,1996,0,0,0,0,0,0,0,0,1,0,0,0,1,0,0,0,0,0,0
289,290,1997,0,0,0,0,0,1,0,0,0,0,0,0,0,0,0,0,0,0,0
290,291,1997,0,0,0,0,0,0,0,0,0,0,0,0,0,1,0,0,1,0,0
291,292,1997,0,0,0,0,0,0,0,0,1,0,0,0,0,0,0,0,0,0,0
292,293,1997,0,0,0,0,0,0,1,0,1,0,0,0,0,0,0,0,0,0,0
293,294,1997,0,0,0,0,0,1,0,0,0,0,0,0,0,0,0,0,0,0,0
294,295,1997,0,1,0,0,0,0,0,0,0,0,0,0,0,0,0,0,1,0,0
295,296,1997,0,0,0,0,0,0,0,0,1,0,0,0,0,0,0,0,0,0,0
296,297,1997,0,0,0,0,0,0,0,0,1,0,0,0,0,0,0,0,0,0,0
297,298,1997,0,1,0,0,0,0,0,0,0,0,0,0,0,0,0,1,1,0,0
298,299,1997,0,0,0,0,0,0,1,0,1,0,1,0,0,0,0,0,0,0,0
299,300,1997,0,1,0,0,0,0,0,0,0,0,0,0,0,0,0,0,1,0,0
300,301,1997,0,0,0,0,0,1,0,0,0,0,0,0,0,0,0,0,0,0,0
301,302,1997,0,0,0,0,0,0,1,0,0,0,1,0,0,1,0,0,1,0,0
302,303,1997,0,0,0,0,0,0,0,0,1,0,0,0,0,0,0,0,0,0,0
303,304,1996,0,0,1,0,1,0,0,0,0,0,0,0,0,0,0,0,0,0,0
304,305,1997,0,0,0,0,0,0,0,0,1,0,0,0,0,0,0,0,0,0,0
305,306,1997,0,0,0,0,0,0,0,0,1,0,0,0,0,0,1,0,0,0,0
306,307,1997,0,0,0,0,0,0,1,0,0,0,0,1,0,1,0,0,1,0,0
307,308,1997,0,0,0,0,1,0,0,0,1,1,0,0,0,0,0,0,0,0,0
308,309,1997,0,0,0,0,0,0,1,0,0,0,0,0,0,0,0,0,0,0,0
309,310,1997,0,0,0,0,0,0,0,0,1,0,0,0,0,0,0,0,0,0,0
310,311,1997,0,0,0,0,0,0,0,0,1,0,0,0,0,0,1,0,1,0,0
311,312,1997,0,0,0,0,0,1,1,0,1,0,0,0,0,1,0,0,0,0,0
312,313,1997,0,1,0,0,0,0,0,0,1,0,0,0,0,0,1,0,0,0,0
313,314,1997,0,1,0,0,1,0,0,0,0,0,0,0,0,0,0,0,0,0,0
314,315,1998,0,0,0,0,0,0,0,0,1,0,0,0,0,0,0,0,1,0,0
315,316,1997,0,0,0,0,0,1,0,0,1,0,0,0,0,0,0,0,0,0,0
316,317,1993,0,0,0,0,0,0,0,0,1,0,0,0,0,0,0,0,0,0,0
317,318,1993,0,0,0,0,0,0,0,0,1,0,0,0,0,0,0,0,0,1,0
318,319,1996,0,0,0,0,0,1,0,0,0,0,0,0,1,0,1,0,0,0,0
319,320,1996,0,0,0,0,0,0,0,1,0,0,0,0,0,0,0,0,0,0,0
320,321,1996,0,0,0,0,0,1,0,0,0,0,0,0,0,0,0,0,0,0,0
321,322,1997,0,0,0,0,0,0,0,0,0,0,0,0,0,1,0,0,1,0,0
322,323,1997,0,1,0,0,0,0,0,0,0,0,0,0,0,0,0,0,1,0,0
323,324,1997,0,0,0,0,0,0,0,0,0,0,0,0,0,1,0,0,0,0,0
324,325,1997,0,0,0,0,0,0,0,0,1,0,0,0,0,0,0,0,1,0,0
325,326,1997,0,1,0,0,0,0,0,0,1,0,0,0,0,0,0,0,0,1,0
326,327,1997,0,0,0,0,0,0,1,0,1,0,0,0,0,1,0,0,0,0,0
327,328,1997,0,1,0,0,0,0,0,0,0,0,0,0,0,1,1,0,1,0,0
328,329,1998,0,0,0,0,0,0,1,0,1,0,0,0,0,0,0,0,1,0,0
329,330,1997,0,0,0,0,0,0,0,0,1,0,0,0,0,0,0,0,0,0,0
330,331,1997,0,0,1,0,0,0,0,0,0,0,0,0,0,0,0,0,1,0,0
331,332,1997,0,0,0,0,0,0,1,0,1,0,0,0,0,0,0,0,1,0,0
332,333,1997,0,0,0,0,0,0,0,0,0,0,0,0,0,1,0,0,1,0,0
333,334,1997,0,1,0,0,0,0,1,0,0,0,0,0,0,1,0,0,0,0,0
334,335,1997,0,0,0,0,0,1,0,0,0,0,0,0,0,0,0,0,0,0,0
335,336,1997,0,0,0,0,0,0,1,0,0,0,0,0,0,0,0,0,1,0,0
336,337,1997,0,0,0,0,0,1,0,0,1,0,0,0,0,0,0,0,1,0,0
337,338,1997,0,0,0,0,0,1,0,0,0,0,0,0,0,0,0,0,0,0,0
338,339,1997,0,1,0,0,0,0,0,0,1,0,0,0,0,0,0,0,0,0,0
339,340,1997,0,0,0,0,0,0,0,0,1,0,0,0,0,0,0,0,0,0,0
340,341,1997,0,0,0,0,0,1,0,0,0,0,0,0,0,0,0,0,0,0,0
341,342,1997,0,0,0,0,0,1,0,0,0,0,0,0,0,1,0,0,0,0,0
342,343,1997,0,1,0,0,0,0,0,0,0,0,0,1,0,0,0,1,0,0,0
343,344,1997,0,0,0,0,0,0,0,0,1,0,0,0,0,0,0,0,0,0,0
344,345,1997,0,0,0,0,0,1,0,0,1,0,0,0,0,0,0,0,0,0,0
345,346,1997,0,0,0,0,0,0,1,0,1,0,0,0,0,0,0,0,0,0,0
346,347,1998,0,0,0,0,0,1,0,0,1,0,0,0,0,0,0,0,0,0,0
347,348,1998,0,0,0,0,0,0,1,0,1,0,0,0,0,0,0,0,1,0,0
348,349,1998,0,1,0,0,0,0,0,0,0,0,0,0,0,0,0,0,1,0,0
349,350,1998,0,1,0,0,0,0,0,0,0,0,0,0,0,1,0,0,1,0,0
350,351,1998,0,0,0,0,0,0,0,0,0,0,0,1,0,0,0,0,0,0,0
351,352,1997,0,0,0,0,0,1,0,0,0,0,0,0,1,0,0,0,0,0,0
352,353,1998,0,1,0,0,0,0,0,0,0,0,0,1,0,0,0,1,0,0,0
353,354,1998,0,0,0,0,0,1,0,0,0,0,0,0,0,0,1,0,0,0,0
354,355,1998,0,0,1,0,0,0,0,0,0,0,0,0,0,0,0,1,1,0,0
355,356,1994,0,0,0,0,0,0,0,0,1,0,0,0,0,1,0,0,1,0,0
356,357,1975,0,0,0,0,0,0,0,0,1,0,0,0,0,0,0,0,0,0,0
357,358,1997,0,1,1,0,0,0,0,0,0,0,0,0,0,0,0,1,1,0,0
358,359,1997,0,0,0,0,0,0,0,0,0,0,0,0,0,0,0,0,1,0,0
359,360,1997,0,0,0,0,0,0,0,1,0,0,0,0,0,0,0,0,0,0,0
360,361,1997,0,0,0,0,0,0,1,0,0,0,0,0,0,0,0,0,1,0,0
361,362,1998,0,1,0,0,0,1,0,0,0,0,0,0,1,0,0,0,0,0,0
362,363,1995,0,1,0,0,0,0,0,0,0,0,0,0,0,0,0,0,0,0,0
363,364,1995,0,0,0,0,0,1,0,0,0,0,0,0,0,0,0,0,0,0,0
364,365,1995,0,0,0,0,0,0,0,0,1,0,0,0,0,0,0,0,0,0,0
365,366,1995,0,0,0,0,0,0,0,0,1,0,0,0,0,0,0,0,0,0,0
366,367,1995,0,0,0,0,0,1,0,0,0,0,0,0,0,0,0,0,0,0,0
367,368,1996,0,0,0,0,0,1,0,0,0,0,0,0,0,0,0,0,0,0,0
368,369,1996,0,0,0,0,0,1,0,0,0,0,0,0,0,0,0,0,0,0,0
369,370,1996,0,0,0,0,0,0,0,0,1,0,0,0,0,0,0,0,1,0,0
370,371,1996,0,0,0,0,0,0,0,0,1,0,0,0,0,0,1,0,0,0,0
371,372,1995,0,0,0,0,0,1,0,0,0,0,0,0,0,0,0,0,0,0,0
372,373,1995,0,1,1,0,0,0,0,0,0,0,0,0,0,0,0,1,0,0,0
373,374,1995,0,1,0,0,1,0,0,0,0,0,0,0,0,0,0,0,0,0,0
374,375,1995,0,0,0,0,0,0,0,0,1,0,0,0,0,0,0,0,0,0,0
375,376,1994,0,0,0,0,0,1,0,0,0,0,0,0,0,0,0,0,0,0,0
376,377,1994,0,0,0,0,1,1,0,0,0,0,0,0,0,0,0,0,0,0,0
377,378,1994,0,0,0,0,0,0,0,0,1,0,0,0,0,0,0,0,0,0,0
378,379,1995,0,0,0,0,0,0,0,0,0,0,0,1,0,0,0,0,0,0,0
379,380,1994,0,1,1,0,0,0,0,0,0,0,0,0,0,0,0,1,0,0,0
380,381,1994,0,0,0,0,0,1,0,0,0,0,0,0,0,0,1,0,0,0,0
381,382,1994,0,0,0,0,0,1,0,0,1,0,0,0,0,0,0,0,0,0,0
382,383,1994,0,0,0,0,1,1,0,0,0,0,0,0,0,0,0,0,0,0,0
383,384,1994,0,0,0,0,0,1,0,0,0,0,0,0,0,0,0,0,0,0,0
384,385,1994,0,1,1,0,0,1,0,0,0,0,0,0,0,0,1,0,0,0,0
385,386,1993,0,0,0,0,0,1,0,0,0,0,0,0,0,0,0,0,0,0,0
386,387,1993,0,0,0,0,0,0,0,0,1,0,0,0,0,0,0,0,0,0,0
387,388,1994,0,1,0,0,0,1,0,0,0,0,0,0,0,0,0,0,0,0,0
388,389,1994,0,0,1,0,1,0,0,0,0,0,0,0,0,0,0,0,0,0,0
389,390,1993,0,0,0,0,0,1,0,0,0,0,0,0,0,0,0,0,0,0,0
390,391,1993,0,1,0,0,0,1,0,0,0,0,0,0,0,0,0,0,0,0,0
391,392,1993,0,0,0,0,0,0,0,0,1,0,0,0,0,0,0,0,0,0,0
392,393,1993,0,0,0,0,0,1,0,0,0,0,0,0,0,0,0,0,0,0,0
393,394,1994,0,0,0,0,0,1,0,0,0,0,0,0,0,1,1,0,0,0,0
394,395,1993,0,0,0,0,0,1,0,0,0,0,0,0,0,0,0,0,0,0,0
395,396,1994,0,0,0,0,0,1,1,0,0,0,0,1,0,0,0,0,0,0,0
396,397,1993,0,1,0,0,0,0,0,0,0,0,0,0,0,0,0,0,0,0,0
397,398,1993,0,1,1,0,1,0,0,0,0,0,0,0,0,0,0,1,0,0,0
398,399,1993,0,1,1,0,0,1,0,0,0,0,0,0,0,0,0,0,0,0,0
399,400,1994,0,0,0,0,1,1,0,0,0,0,0,0,0,0,0,0,0,0,0
400,401,1995,0,0,0,0,0,1,0,0,0,0,0,0,0,0,0,0,0,0,0
401,402,1990,0,0,0,0,0,1,0,0,0,0,0,0,0,0,1,0,1,0,0
402,403,1989,0,1,1,0,0,0,1,0,1,0,0,0,0,0,0,0,0,0,0
403,404,1940,0,0,0,1,1,0,0,0,0,0,0,0,0,0,0,0,0,0,0
404,405,1996,0,1,1,0,0,0,0,0,0,0,0,0,0,1,0,0,0,0,0
405,406,1996,0,0,0,0,0,0,0,0,0,0,0,1,0,0,0,0,1,0,0
406,407,1996,0,0,0,0,0,1,0,0,0,0,0,0,0,0,0,0,0,0,0
407,408,1996,0,0,0,1,0,1,0,0,0,0,0,0,0,0,0,0,1,0,0
408,409,1996,0,0,0,0,0,1,0,0,1,0,0,0,0,0,0,0,0,0,0
409,410,1996,0,0,0,0,0,1,0,0,0,0,0,0,0,0,0,0,0,0,0
410,411,1996,0,0,0,0,0,1,0,0,0,1,0,0,0,0,1,1,0,0,0
411,412,1996,0,0,0,0,0,1,0,0,0,0,0,0,0,0,0,0,0,0,0
412,413,1996,0,0,0,0,0,0,0,0,0,0,0,1,0,0,0,0,0,0,0
413,414,1982,0,0,0,0,0,1,0,0,0,0,0,0,0,0,0,0,0,0,0
414,415,1975,0,0,0,0,1,1,0,0,0,0,0,0,0,0,0,0,0,0,1
415,416,1957,0,0,0,0,1,0,0,0,1,0,0,0,0,0,0,0,0,0,0
416,417,1961,0,0,0,0,1,0,0,0,1,0,0,0,0,0,0,0,0,0,0
417,418,1950,0,0,0,1,1,0,0,0,0,0,0,0,1,0,0,0,0,0,0
418,419,1964,0,0,0,0,1,1,0,0,0,0,0,0,1,0,0,0,0,0,0
419,420,1951,0,0,0,1,1,0,0,0,0,0,0,0,1,0,0,0,0,0,0
420,421,1996,0,0,0,0,0,0,0,0,1,0,0,0,0,0,1,0,0,0,0
421,422,1996,0,0,0,1,1,1,0,0,0,0,0,0,0,0,0,0,0,0,0
422,423,1982,0,0,0,0,1,0,0,0,1,1,0,0,0,0,0,1,0,0,0
423,424,1996,0,0,0,0,0,0,0,0,0,0,0,1,0,0,0,0,0,0,0
424,425,1992,0,0,0,0,0,1,0,0,0,0,0,0,0,0,0,0,0,0,0
425,426,1986,0,1,0,1,1,0,0,0,0,0,0,0,0,0,0,1,1,1,0
426,427,1962,0,0,0,0,0,0,0,0,1,0,0,0,0,0,0,0,0,0,0
427,428,1971,0,0,0,0,0,1,0,0,0,0,0,0,0,0,0,0,0,0,0
428,429,1951,0,0,0,0,0,0,0,0,1,0,0,0,0,0,0,1,0,0,0
429,430,1933,0,0,0,0,0,1,0,0,0,0,0,0,0,0,0,0,0,1,0
430,431,1986,0,1,1,0,0,0,0,0,0,0,0,0,0,0,0,0,0,0,0
431,432,1940,0,0,0,1,1,0,0,0,0,0,0,0,1,0,0,0,0,0,0
432,433,1989,0,0,0,0,0,1,0,0,0,0,0,0,0,0,0,0,0,0,0
433,434,1956,0,0,0,0,0,0,0,0,0,0,0,0,0,0,0,1,0,0,0
434,435,1969,0,1,0,0,0,1,0,0,0,0,0,0,0,0,0,0,0,0,1
435,436,1981,0,0,0,0,0,0,0,0,0,0,0,1,0,0,0,0,0,0,0
436,437,1992,0,0,0,0,0,0,0,0,0,0,0,1,0,0,0,0,0,0,0
437,438,1983,0,0,0,0,0,0,0,0,0,0,0,1,0,0,0,0,0,0,0
438,439,1993,0,0,0,0,0,0,0,0,0,0,0,1,0,0,0,0,0,0,0
439,440,1982,0,0,0,0,0,0,0,0,0,0,0,1,0,0,0,0,0,0,0
440,441,1979,0,0,0,0,0,0,0,0,0,0,0,1,0,0,0,0,0,0,0
441,442,1990,0,0,0,0,0,0,0,0,0,0,0,1,0,0,0,0,0,0,0
442,443,1963,0,0,0,0,0,0,0,0,0,0,0,1,0,0,0,0,0,0,0
443,444,1958,0,0,0,0,0,0,0,0,0,0,0,1,0,0,0,1,0,0,0
444,445,1945,0,0,0,0,0,0,0,0,0,0,0,1,0,0,0,0,0,0,0
445,446,1976,0,0,0,0,0,0,0,0,0,0,0,1,0,0,0,0,0,0,0
446,447,1976,0,0,0,0,0,0,0,0,0,0,0,1,0,0,0,0,0,0,0
447,448,1976,0,0,0,0,0,0,0,0,0,0,0,1,0,0,0,0,0,0,0
448,449,1979,0,1,1,0,0,0,0,0,0,0,0,0,0,0,0,1,0,0,0
449,450,1989,0,1,1,0,0,0,0,0,0,0,0,0,0,0,0,1,0,0,0
450,451,1978,0,0,0,0,0,1,0,0,0,0,0,0,1,0,1,0,0,0,0
451,452,1978,0,1,0,0,0,0,0,0,0,0,0,1,0,0,0,0,0,0,0
452,453,1983,0,1,0,0,0,0,0,0,0,0,0,1,0,0,0,0,0,0,0
453,454,1996,0,0,0,0,0,0,0,0,1,0,0,0,0,0,0,0,0,0,0
454,455,1997,0,1,0,0,0,0,0,0,0,0,0,0,0,0,0,0,0,0,0
455,456,1997,0,1,0,0,0,1,0,0,0,0,0,0,0,0,0,0,0,0,0
456,457,1997,0,0,1,0,1,0,0,0,1,0,0,0,0,0,0,0,0,0,0
457,458,1995,0,0,0,0,0,0,0,0,1,0,0,0,0,0,0,0,0,0,0
458,459,1995,0,0,0,0,0,0,0,0,1,0,0,0,0,0,0,0,0,0,0
459,460,1995,0,0,0,0,0,0,0,0,1,0,0,0,0,0,0,0,0,0,0
460,461,1995,0,0,0,0,0,0,0,0,1,0,0,0,0,0,0,0,0,0,0
461,462,1992,0,0,0,0,0,0,0,0,1,0,0,0,0,0,1,0,0,0,0
462,463,1994,0,0,1,0,0,0,0,0,0,0,0,0,0,0,0,0,0,0,0
463,464,1994,0,0,0,0,0,0,0,0,1,0,0,0,0,0,0,0,0,0,0
464,465,1994,0,0,1,0,1,0,0,0,0,0,0,0,0,0,1,0,0,0,0
465,466,1992,0,0,0,0,0,0,0,0,0,0,0,0,0,0,0,0,1,0,0
466,467,1993,0,0,0,0,0,0,0,0,1,0,0,0,0,0,0,0,0,0,0
467,468,1993,0,0,0,0,0,0,0,0,1,0,0,0,0,0,0,0,0,0,0
468,469,1993,0,0,0,0,0,0,0,0,1,0,0,0,0,0,0,0,0,0,0
469,470,1993,0,0,0,0,0,0,0,0,0,0,0,0,0,0,0,0,0,0,1
470,471,1996,0,0,0,0,0,0,0,0,1,0,0,0,0,0,0,0,0,1,0
471,472,1996,0,1,1,0,0,0,0,0,0,1,0,0,0,0,0,0,0,0,0
472,473,1996,0,0,0,1,1,0,0,0,0,0,0,0,1,0,0,0,0,0,0
473,474,1963,0,0,0,0,0,0,0,0,0,0,0,0,0,0,0,1,0,1,0
474,475,1996,0,0,0,0,0,0,0,0,1,0,0,0,0,0,0,0,0,0,0
475,476,1996,0,0,0,0,0,1,0,0,0,0,0,0,0,0,0,0,0,0,0
476,477,1996,0,0,0,0,1,1,0,0,0,0,0,0,0,0,0,0,0,0,0
477,478,1940,0,0,0,0,0,1,0,0,0,0,0,0,0,0,1,0,0,0,0
478,479,1958,0,0,0,0,0,0,0,0,0,0,0,0,0,1,0,0,1,0,0
479,480,1959,0,0,0,0,0,1,0,0,0,0,0,0,0,0,0,0,1,0,0
480,481,1960,0,0,0,0,0,1,0,0,1,0,0,0,0,0,0,0,0,0,0
481,482,1959,0,0,0,0,0,1,1,0,0,0,0,0,0,0,0,0,0,0,0
482,483,1942,0,0,0,0,0,0,0,0,1,0,0,0,0,0,1,0,0,1,0
483,484,1941,0,0,0,0,0,0,0,0,0,0,1,0,0,1,0,0,0,0,0
484,485,1964,0,0,0,0,0,0,0,0,0,0,0,0,1,0,1,0,0,0,0
485,486,1954,0,0,0,0,0,1,0,0,0,0,0,0,0,0,1,0,0,0,0
486,487,1953,0,0,0,0,0,1,0,0,0,0,0,0,0,0,1,0,0,0,0
487,488,1950,0,0,0,0,0,0,0,0,0,0,1,0,0,0,0,0,0,0,0
488,489,1946,0,0,0,0,0,0,0,0,0,0,1,0,0,0,1,0,1,0,0
489,490,1955,0,0,0,0,0,1,0,0,0,0,0,0,0,0,1,0,1,0,0
490,491,1938,0,1,1,0,0,0,0,0,0,0,0,0,0,0,0,0,0,0,0
491,492,1955,0,0,0,0,0,0,0,0,1,0,0,0,0,0,0,0,0,0,0
492,493,1934,0,0,0,0,0,0,0,0,0,0,0,0,0,1,0,0,0,0,0
493,494,1940,0,0,0,0,0,1,0,0,0,0,0,0,0,0,0,0,0,0,0
494,495,1956,0,0,1,0,0,1,0,0,0,0,0,0,0,0,0,0,0,0,0
495,496,1946,0,0,0,0,0,0,0,0,1,0,0,0,0,0,0,0,0,0,0
496,497,1938,0,0,0,0,0,1,0,0,0,0,0,0,0,0,0,0,0,0,0
497,498,1951,0,1,1,0,0,0,0,0,0,0,0,0,0,0,1,0,0,1,0
498,499,1958,0,0,0,0,0,0,0,0,1,0,0,0,0,0,0,0,0,0,0
499,500,1996,0,0,1,0,1,0,0,0,0,0,0,0,0,0,0,0,0,0,0
500,501,1941,0,0,0,1,1,0,0,0,0,0,0,0,1,0,0,0,0,0,0
501,502,1971,0,0,0,0,0,1,0,0,0,0,0,0,0,0,0,0,0,1,0
502,503,1972,0,0,0,0,0,0,0,0,1,0,0,0,0,0,0,0,0,0,0
503,504,1967,0,0,0,0,0,0,1,0,1,0,0,0,0,0,0,0,0,0,0
504,505,1954,0,0,0,0,0,0,0,0,0,0,0,0,0,1,0,0,1,0,0
505,506,1955,0,0,0,0,0,0,0,0,1,0,0,0,0,0,0,0,0,0,0
506,507,1951,0,0,0,0,0,0,0,0,1,0,0,0,0,0,0,0,0,0,0
507,508,1996,0,0,0,0,0,0,0,0,1,0,0,0,0,0,0,0,0,0,0
508,509,1989,0,0,0,0,0,0,0,0,1,0,0,0,0,0,0,0,0,0,0
509,510,1954,0,1,0,0,0,0,0,0,1,0,0,0,0,0,0,0,0,0,1
510,511,1962,0,0,1,0,0,0,0,0,0,0,0,0,0,0,0,0,0,1,0
511,512,1987,0,0,0,0,0,1,0,0,1,0,0,0,0,0,1,0,0,0,0
512,513,1949,0,0,0,0,0,0,0,0,0,0,0,0,0,1,0,0,1,0,0
513,514,1977,0,0,0,0,0,1,0,0,0,0,0,0,0,0,1,0,0,0,0
514,515,1997,0,1,0,0,0,0,0,0,1,0,0,0,0,0,0,0,0,1,0
515,516,1983,0,0,0,0,0,1,0,0,0,0,0,0,0,0,0,0,0,0,0
516,517,1979,0,0,0,0,0,1,0,0,1,0,0,0,0,0,1,0,0,0,0
517,518,1990,0,0,0,0,0,0,0,0,1,0,0,0,0,0,0,0,0,0,0
518,519,1948,0,0,1,0,0,0,0,0,0,0,0,0,0,0,0,0,0,0,0
519,520,1963,0,0,1,0,0,0,0,0,0,0,0,0,0,0,0,0,0,1,0
520,521,1978,0,0,0,0,0,0,0,0,1,0,0,0,0,0,0,0,0,1,0
521,522,1986,0,0,0,0,0,1,0,0,1,0,0,0,0,0,0,0,0,0,0
522,523,1967,0,0,0,0,0,1,0,0,1,0,0,0,0,0,0,0,0,0,0
523,524,1940,0,0,0,0,0,1,0,0,0,0,0,0,0,0,0,0,0,0,0
524,525,1946,0,0,0,0,0,0,0,0,0,0,1,0,0,1,0,0,0,0,0
525,526,1959,0,1,1,0,0,0,0,0,1,0,0,0,0,0,0,0,0,0,0
526,527,1982,0,0,0,0,0,0,0,0,1,0,0,0,0,0,0,0,0,0,0
527,528,1984,0,0,0,0,0,0,0,0,1,0,0,0,0,0,0,0,0,1,0
528,529,1985,0,0,0,0,0,0,0,0,1,0,0,0,0,0,0,0,0,0,0
529,530,1975,0,0,1,0,0,0,0,0,0,0,0,0,0,0,0,0,0,0,0
530,531,1996,0,0,0,0,0,0,0,0,1,0,0,0,0,0,1,0,0,0,0
531,532,1997,0,0,0,0,0,0,0,0,0,0,0,0,0,0,1,0,0,0,0
532,533,1997,0,0,0,0,0,0,0,0,0,0,0,0,0,1,0,0,0,0,0
533,534,1997,0,0,0,0,0,0,0,0,1,0,0,0,0,0,0,0,0,0,0
534,535,1997,0,0,0,0,0,1,0,0,0,0,0,0,0,0,1,0,0,0,0
535,536,1997,0,0,0,0,0,0,0,0,1,0,0,0,0,0,0,0,0,0,0
536,537,1991,0,0,0,0,0,0,0,0,1,0,0,0,0,0,0,0,0,0,0
537,538,1997,0,0,0,1,1,0,0,0,0,0,0,0,1,0,0,0,0,0,0
538,539,1997,0,0,0,0,1,1,0,0,0,0,0,0,0,0,0,0,0,0,0
539,540,1995,0,1,0,0,0,0,0,0,0,0,0,0,0,0,0,0,0,0,0
540,541,1995,0,1,1,0,0,0,0,0,0,0,0,0,0,0,0,0,0,0,0
541,542,1995,0,0,0,1,1,0,0,0,0,0,0,0,1,0,1,0,0,0,0
542,543,1995,0,0,0,0,0,0,0,0,1,0,0,0,1,0,0,0,0,0,0
543,544,1996,0,0,0,0,0,0,1,0,1,0,0,0,0,0,1,0,0,0,0
544,545,1995,0,0,0,0,0,1,0,0,0,0,0,0,0,0,1,0,0,0,0
545,546,1996,0,1,0,0,0,0,0,0,0,0,0,0,0,0,0,0,1,0,0
546,547,1996,0,0,0,0,0,0,1,0,0,0,0,0,0,0,0,0,0,0,0
547,548,1996,0,0,0,0,1,0,0,0,0,1,0,0,0,0,0,0,0,0,0
548,549,1995,0,0,0,0,0,0,0,0,1,0,0,0,0,0,1,0,0,1,0
549,550,1995,0,1,0,0,0,0,0,0,0,0,0,0,0,0,0,0,1,0,0
550,551,1995,0,0,0,0,0,0,0,0,0,0,0,1,0,0,0,0,0,0,0
551,552,1995,0,0,0,0,0,0,0,0,0,0,0,0,0,0,0,1,0,0,0
552,553,1995,0,0,0,0,0,0,0,0,1,0,0,0,0,0,1,0,0,0,0
553,554,1995,0,1,1,0,0,0,0,0,0,0,0,0,0,0,0,0,0,0,0
554,555,1995,0,0,0,0,0,0,0,0,1,0,0,0,0,0,0,0,0,0,0
555,556,1995,0,0,0,0,0,0,0,0,0,0,0,0,0,0,0,0,0,0,1
556,557,1994,0,0,0,0,0,0,0,0,1,0,0,0,1,0,0,0,0,0,0
557,558,1994,0,0,0,0,0,0,0,0,1,1,0,0,0,0,0,0,1,0,0
558,559,1994,0,0,0,0,0,0,0,0,1,0,0,1,0,0,0,0,0,0,0
559,560,1995,0,0,1,0,1,1,0,0,0,1,0,0,0,0,1,1,0,0,0
560,561,1994,0,0,0,0,0,0,0,0,1,0,0,1,0,0,0,0,0,0,0
561,562,1995,0,1,1,0,0,0,0,0,0,0,0,0,0,0,0,0,0,0,1
562,563,1995,0,0,0,0,0,0,0,0,0,0,0,1,0,0,0,0,0,0,0
563,564,1995,0,0,0,0,0,1,0,0,0,0,0,1,0,0,0,0,0,0,0
564,565,1995,0,0,0,0,0,0,0,0,0,0,0,1,0,0,0,0,1,0,0
565,566,1994,0,1,1,0,0,0,0,0,0,0,0,0,0,0,0,0,1,0,0
566,567,1994,0,0,0,0,0,0,0,0,0,0,0,1,0,0,0,0,0,0,0
567,568,1994,0,1,0,0,0,0,0,0,0,0,0,0,0,0,1,0,1,0,0
568,569,1994,0,0,0,0,0,0,0,0,1,0,0,1,0,0,0,0,0,0,0
569,570,1994,0,0,0,0,0,0,0,0,0,0,0,0,0,0,0,0,0,0,1
570,571,1993,0,0,0,0,0,1,0,0,0,0,0,0,0,0,0,0,1,0,0
571,572,1994,0,1,0,0,0,0,0,0,0,0,0,0,0,0,0,0,1,0,0
572,573,1993,0,0,0,0,0,0,0,0,0,0,0,1,0,0,0,1,1,0,0
573,574,1993,0,0,0,0,0,0,0,0,0,0,0,0,0,1,1,0,1,0,0
574,575,1994,0,0,0,0,0,1,0,0,0,0,0,0,0,0,0,0,0,0,1
575,576,1993,0,1,1,0,0,0,1,0,0,0,0,0,0,0,0,0,0,0,0
576,577,1993,0,0,0,0,0,1,0,0,0,0,0,0,0,0,0,1,0,0,0
577,578,1993,0,1,0,0,0,0,0,0,0,0,0,0,0,0,0,1,0,0,0
578,579,1993,0,0,0,0,0,1,0,0,0,0,0,0,0,0,0,0,0,0,0
579,580,1995,0,0,0,0,0,1,0,0,0,0,0,0,0,0,1,0,0,0,0
580,581,1993,0,0,0,0,0,0,0,0,1,0,0,0,0,0,0,0,1,0,0
581,582,1993,0,0,0,0,0,0,0,0,1,0,0,0,0,0,1,0,0,0,0
582,583,1993,0,0,0,0,0,0,1,0,0,0,0,0,0,0,0,0,1,0,0
583,584,1993,0,0,0,0,1,0,0,0,1,0,0,0,0,0,0,0,0,0,0
584,585,1993,0,0,0,0,0,1,0,0,0,0,0,0,0,0,0,0,0,0,0
585,586,1994,0,1,0,0,0,0,0,0,0,0,0,0,0,0,0,0,0,0,0
586,587,1993,0,0,0,0,0,0,0,0,1,0,0,0,0,1,0,0,0,0,0
587,588,1991,0,0,0,1,1,0,0,0,0,0,0,0,1,0,0,0,0,0,0
588,589,1969,0,0,0,0,0,0,0,0,0,0,0,0,0,0,0,0,0,0,1
589,590,1996,0,1,0,0,0,0,0,0,0,0,0,1,0,0,0,1,0,0,0
590,591,1996,0,0,0,0,0,0,0,0,1,0,0,0,0,0,0,0,1,0,0
591,592,1995,0,0,0,0,0,0,0,0,0,0,0,0,0,1,0,0,1,0,0
592,593,1993,0,0,0,0,0,0,0,0,0,0,0,0,0,0,0,0,0,1,0
593,594,1996,0,0,0,0,0,0,0,0,1,0,0,0,0,0,1,0,0,0,0
594,595,1996,0,0,0,0,0,0,0,0,0,0,0,0,0,0,0,0,1,0,0
595,596,1996,0,0,0,1,1,0,0,0,0,0,0,0,1,0,0,0,0,0,0
596,597,1996,0,1,0,0,0,0,0,0,0,0,0,0,0,0,0,0,1,0,0
597,598,1996,0,0,0,0,0,1,0,0,1,0,0,0,0,0,0,0,0,0,0
598,599,1996,0,1,0,0,0,0,0,0,0,0,0,0,0,0,0,0,0,0,0
599,600,1996,0,0,0,0,1,0,0,0,0,0,0,0,0,0,0,0,0,0,0
600,601,1943,0,0,1,0,0,0,0,0,0,0,0,0,0,0,0,0,0,1,0
601,602,1951,0,0,0,0,0,0,0,0,0,0,0,0,1,0,1,0,0,0,0
602,603,1954,0,0,0,0,0,0,0,0,0,0,0,0,0,1,0,0,1,0,0
603,604,1934,0,0,0,0,0,1,0,0,0,0,0,0,0,0,0,0,0,0,0
604,605,1944,0,0,0,0,0,0,0,0,0,0,0,0,1,0,0,0,0,0,0
605,606,1950,0,0,0,0,0,0,0,0,1,0,0,0,0,0,0,0,0,0,0
606,607,1940,0,0,0,0,0,0,0,0,0,0,0,0,0,0,1,0,1,0,0
607,608,1945,0,0,0,0,0,0,0,0,0,0,0,0,0,1,1,0,1,0,0
608,609,1950,0,0,0,0,0,1,0,0,0,0,0,0,0,0,0,0,0,0,0
609,610,1958,0,0,0,0,0,0,0,0,0,0,0,0,1,0,0,0,0,0,0
610,611,1944,0,0,0,0,0,0,1,0,0,0,1,0,0,1,0,0,0,0,0
611,612,1937,0,0,0,0,0,0,0,0,1,0,0,0,0,0,0,0,0,0,0
612,613,1936,0,0,0,0,0,1,0,0,0,0,0,0,0,0,0,0,0,0,0
613,614,1956,0,0,0,0,0,0,0,0,1,0,0,0,0,0,0,0,0,0,0
614,615,1935,0,0,0,0,0,0,0,0,0,0,0,0,0,0,0,0,1,0,0
615,616,1968,0,0,0,0,0,0,0,0,0,0,0,1,0,0,0,1,0,0,0
616,617,1930,0,0,0,0,0,0,0,0,1,0,0,0,0,0,0,0,0,0,0
617,618,1955,0,0,0,0,0,0,0,0,1,0,0,0,0,0,0,0,0,0,0
618,619,1996,0,0,0,0,0,0,0,0,1,0,0,0,0,0,0,0,1,0,0
619,620,1996,0,0,0,0,0,0,0,0,1,0,0,0,0,0,0,0,0,0,0
620,621,1955,0,0,0,0,0,0,0,0,0,0,0,0,0,0,0,0,0,0,1
621,622,1960,0,0,1,0,1,0,0,0,0,0,0,0,0,0,0,0,0,0,0
622,623,1994,0,0,0,0,1,1,0,0,0,0,0,0,0,0,0,0,0,0,0
623,624,1945,0,0,0,1,1,0,0,0,0,0,0,0,1,0,0,0,0,0,0
624,625,1963,0,0,0,1,1,0,0,0,0,0,0,0,0,0,0,0,0,0,0
625,626,1949,0,0,0,0,1,0,0,0,1,0,0,0,0,0,0,0,0,0,0
626,627,1991,0,0,0,0,0,0,0,0,1,0,0,0,0,0,0,0,0,0,0
627,628,1996,0,0,0,0,0,0,1,0,1,0,0,0,0,0,0,0,0,0,0
628,629,1982,0,0,0,0,0,1,0,0,0,0,0,0,1,0,0,0,0,0,0
629,630,1965,0,0,0,0,0,1,0,0,0,0,0,0,1,0,0,0,0,0,0
630,631,1992,0,1,0,0,0,0,0,0,1,0,0,0,0,0,1,0,0,1,0
631,632,1982,0,0,0,0,0,0,0,0,1,0,0,0,0,0,0,0,0,0,0
632,633,1938,0,0,0,0,0,0,0,0,1,0,0,0,0,0,0,0,0,0,0
633,634,1996,0,0,0,0,0,0,0,1,0,0,0,0,0,0,0,0,0,0,0
634,635,1980,0,0,0,0,0,0,0,0,0,0,0,1,0,0,0,0,0,0,0
635,636,1981,0,1,1,0,0,0,0,0,0,0,0,0,0,0,0,1,1,0,0
636,637,1981,0,0,0,0,0,1,0,0,0,0,0,1,0,0,0,0,0,0,0
637,638,1982,0,0,0,0,0,0,0,0,1,0,0,0,0,0,0,0,0,0,0
638,639,1979,0,0,0,0,0,0,0,0,1,0,0,0,0,0,0,0,0,0,0
639,640,1989,0,0,0,0,0,0,0,0,1,0,0,0,0,0,0,0,0,0,0
640,641,1957,0,0,0,0,0,0,0,0,1,0,0,0,0,0,0,0,0,1,0
641,642,1990,0,0,0,0,0,0,1,0,1,0,1,0,0,0,0,0,0,0,0
642,643,1994,0,0,0,0,0,0,0,0,1,0,0,0,0,0,1,0,0,0,0
643,644,1988,0,0,0,0,0,0,0,1,0,0,0,0,0,0,0,0,0,0,0
644,645,1990,0,0,0,0,0,0,0,1,0,0,0,0,0,0,0,0,0,0,0
645,646,1969,0,0,0,0,0,0,0,0,0,0,0,0,0,0,0,0,0,0,1
646,647,1985,0,0,0,0,0,0,0,0,1,0,0,0,0,0,0,0,0,1,0
647,648,1952,0,0,0,0,0,1,0,0,0,0,0,0,0,0,1,0,0,0,0
648,649,1984,0,0,0,0,0,0,1,0,1,0,0,0,0,0,0,0,1,0,0
649,650,1957,0,0,0,0,0,0,0,0,1,0,0,0,0,0,0,0,0,0,0
650,651,1989,0,1,0,0,0,0,0,0,1,0,0,0,0,0,0,0,0,1,0
651,652,1990,0,0,0,0,0,1,0,0,1,0,0,0,0,0,0,0,0,0,0
652,653,1958,0,0,0,0,0,0,1,0,0,0,1,0,0,0,0,0,1,0,0
653,654,1974,0,0,0,0,0,0,0,0,0,0,1,0,0,1,0,0,1,0,0
654,655,1986,0,0,1,0,0,1,0,0,1,0,0,0,0,0,0,0,0,0,0
655,656,1931,0,0,0,0,0,0,1,0,0,0,1,0,0,0,0,0,1,0,0
656,657,1962,0,0,0,0,0,0,0,0,0,0,1,0,0,0,0,0,1,0,0
657,658,1990,0,0,0,0,0,0,0,0,1,0,0,0,0,0,0,0,0,0,0
658,659,1944,0,0,0,0,0,1,0,0,0,0,0,0,0,1,0,0,1,0,0
659,660,1991,0,0,0,0,0,0,0,0,1,0,0,0,0,0,0,0,0,0,0
660,661,1952,0,0,0,0,0,0,0,0,0,0,0,0,0,0,0,0,0,0,1
661,662,1980,0,0,0,0,0,0,0,0,1,0,0,0,0,0,1,0,0,0,0
662,663,1979,0,0,0,0,0,1,0,0,0,0,0,0,0,0,0,0,0,0,0
663,664,1984,0,0,0,0,0,0,0,0,1,0,0,0,0,0,0,0,0,0,0
664,665,1992,0,1,0,0,0,0,0,0,0,0,0,1,0,0,0,1,1,0,0
665,666,1974,0,0,0,0,0,0,0,0,0,0,0,1,0,0,0,0,0,0,0
666,667,1977,0,0,0,0,0,0,0,0,0,0,0,1,0,0,0,0,0,0,0
667,668,1981,0,1,0,0,0,0,0,0,0,0,0,1,0,0,0,0,0,0,0
668,669,1991,0,0,0,0,0,0,0,0,0,0,0,1,0,0,0,0,0,0,0
669,670,1993,0,0,0,0,0,0,0,0,0,0,0,1,0,0,0,1,1,0,0
670,671,1935,0,0,0,0,0,0,0,0,0,0,0,1,0,0,0,0,0,0,0
671,672,1992,0,0,0,0,0,0,0,0,0,0,0,1,0,0,0,0,0,0,0
672,673,1962,0,0,0,0,0,0,0,0,0,0,1,0,0,0,0,0,1,0,0
673,674,1982,0,0,0,0,0,0,0,0,0,0,0,1,0,0,0,0,0,0,0
674,675,1922,0,0,0,0,0,0,0,0,0,0,0,1,0,0,0,0,0,0,0
675,676,1996,0,0,0,0,0,0,0,0,1,0,0,0,0,0,0,0,0,0,0
676,677,1997,0,0,0,0,0,0,0,1,0,0,0,0,0,0,0,0,0,0,0
677,678,1997,0,0,0,0,0,0,0,0,1,0,0,0,0,0,0,0,1,0,0
678,679,1981,0,1,1,0,0,0,0,0,0,0,0,0,0,0,0,0,0,0,0
679,680,1997,0,1,1,0,0,0,0,0,0,0,0,0,0,0,0,0,0,0,0
680,681,1997,0,0,0,0,0,0,0,0,0,0,0,1,0,0,0,0,0,0,0
681,682,1997,0,0,0,0,0,0,0,0,0,0,0,1,0,1,0,0,1,0,0
682,683,1997,0,0,0,0,0,1,0,0,0,0,0,0,0,0,0,0,0,0,0
683,684,1993,0,1,0,0,0,0,0,0,0,0,0,0,0,0,0,0,1,0,0
684,685,1996,0,1,0,0,0,0,0,0,0,0,0,0,0,0,0,0,1,0,0
685,686,1993,0,1,0,0,0,0,0,0,1,0,0,0,0,0,0,0,0,0,0
686,687,1997,0,0,0,0,0,1,0,0,0,0,0,0,0,0,0,0,0,1,0
687,688,1997,0,0,0,0,0,1,0,0,0,0,0,0,0,0,0,0,0,0,0
688,689,1997,0,1,0,0,0,0,0,0,0,0,0,0,0,0,0,0,1,0,0
689,690,1997,0,0,0,0,0,0,0,0,1,0,0,0,0,0,0,0,0,1,0
690,691,1998,0,0,0,0,0,0,0,0,0,0,1,0,0,0,0,1,1,0,0
691,692,1995,0,0,0,0,0,1,0,0,1,0,0,0,0,0,1,0,0,0,0
692,693,1995,0,0,0,0,0,0,0,0,1,0,0,0,0,0,0,0,0,0,0
693,694,1995,0,0,0,0,0,0,0,0,0,0,0,0,0,0,1,0,0,0,0
694,695,1995,0,0,0,0,0,1,0,0,1,0,0,0,0,0,0,0,0,0,0
695,696,1996,0,0,0,0,0,0,0,0,1,0,0,0,0,0,0,0,1,0,0
696,697,1995,0,0,0,0,0,0,0,0,1,0,0,0,0,0,0,0,0,0,0
697,698,1994,0,0,0,0,0,0,0,0,1,0,0,0,0,0,0,0,0,0,0
698,699,1994,0,0,0,0,0,0,0,0,1,0,0,0,0,0,0,0,0,0,0
699,700,1995,0,0,0,0,0,1,0,0,0,0,0,0,0,0,0,0,0,0,0
700,701,1993,0,0,0,0,0,0,0,1,0,0,0,0,0,0,0,0,0,0,0
701,702,1994,0,0,0,0,0,1,0,0,0,0,0,0,0,0,1,0,0,0,0
702,703,1994,0,0,0,0,0,0,0,0,1,0,0,0,0,0,0,0,0,0,0
703,704,1993,0,0,0,0,0,0,0,0,1,0,0,0,0,0,1,0,0,0,0
704,705,1952,0,0,0,0,0,0,0,0,0,0,0,0,1,0,1,0,0,0,0
705,706,1996,0,0,0,0,0,0,0,0,0,0,0,1,0,0,0,0,0,0,0
706,707,1991,0,0,0,0,0,0,0,0,1,0,0,0,0,0,0,0,0,0,0
707,708,1989,0,0,0,0,0,0,0,0,1,0,0,0,0,0,0,0,0,0,0
708,709,1992,0,0,0,0,0,1,0,0,0,0,0,0,0,0,1,0,0,0,0
709,710,1985,0,0,0,0,0,1,0,0,0,0,0,0,0,0,0,0,0,0,0
710,711,1996,0,0,0,0,0,0,0,0,1,0,0,0,0,0,0,0,0,0,0
711,712,1987,0,0,0,0,0,1,0,0,1,0,0,0,0,0,0,0,0,0,0
712,713,1995,0,0,0,0,0,0,0,0,1,0,0,0,0,0,0,0,0,0,0
713,714,1995,0,0,0,0,0,0,0,0,1,0,0,0,0,0,1,0,0,0,0
714,715,1995,0,0,0,0,0,1,0,0,1,0,0,0,0,0,0,0,0,0,0
715,716,1995,0,0,0,0,0,0,0,0,1,0,0,0,0,0,1,0,0,0,0
716,717,1996,0,0,0,0,0,0,0,0,1,0,0,0,0,0,0,0,1,0,0
717,718,1996,0,0,0,0,0,1,0,0,0,0,0,0,0,0,0,0,0,0,0
718,719,1994,0,0,0,0,0,1,0,0,0,0,0,0,0,0,0,0,0,1,0
719,720,1995,0,1,1,0,0,0,0,0,1,0,0,0,0,0,1,0,0,0,0
720,721,1995,0,0,0,0,0,1,0,0,0,0,0,0,0,0,0,0,0,0,0
721,722,1995,0,0,0,0,0,1,0,0,0,0,0,0,0,0,0,0,0,0,0
722,723,1995,0,0,0,0,0,1,0,0,1,0,0,0,0,0,0,0,0,0,0
723,724,1995,0,0,0,0,0,0,0,0,1,0,0,0,0,0,1,0,0,0,0
724,725,1994,0,0,0,0,0,1,0,0,0,0,0,0,0,0,0,0,0,0,0
725,726,1995,0,0,0,0,1,0,0,0,1,0,0,0,0,0,0,0,0,0,0
726,727,1994,0,0,0,0,0,0,0,0,1,0,0,0,0,0,1,0,0,0,0
727,728,1994,0,0,0,0,0,1,0,0,0,0,0,0,0,0,0,1,0,0,0
728,729,1994,0,0,0,0,0,0,0,0,1,0,0,0,0,0,0,0,0,0,0
729,730,1996,0,0,0,0,0,0,0,0,1,0,0,0,0,0,1,0,0,0,0
730,731,1994,0,0,0,0,0,1,0,0,1,0,0,0,0,0,1,0,0,0,0
731,732,1993,0,0,0,0,0,1,0,0,0,0,0,0,0,0,1,0,0,0,0
732,733,1994,0,0,0,0,0,0,0,0,1,0,0,0,0,0,1,0,0,0,0
733,734,1993,0,0,0,0,0,1,0,0,0,0,0,0,0,0,0,0,0,0,0
734,735,1993,0,0,0,0,0,0,0,0,1,0,0,0,0,0,0,0,0,0,0
735,736,1993,0,0,0,0,0,0,0,0,1,0,0,0,0,0,1,0,0,0,0
736,737,1994,0,0,0,0,0,1,0,0,1,0,0,0,0,0,0,0,0,0,0
737,738,1994,0,0,0,0,0,1,0,0,0,0,0,0,0,0,1,0,0,0,0
738,739,1990,0,0,0,0,0,1,0,0,0,0,0,0,0,0,1,0,0,0,0
739,740,1996,0,0,0,0,0,0,0,0,1,0,0,0,0,0,1,0,0,0,0
740,741,1996,0,0,0,0,0,0,0,0,1,0,0,0,0,0,0,0,1,0,0
741,742,1996,0,0,0,0,0,0,0,0,1,0,0,0,0,0,0,0,1,0,0
742,743,1996,0,1,0,0,0,0,0,0,0,0,0,0,0,0,0,0,1,0,0
743,744,1996,0,0,0,0,0,0,0,0,1,0,0,0,0,0,0,0,0,1,0
744,745,1972,0,0,0,0,0,1,0,0,0,0,0,0,0,0,0,0,0,0,0
745,746,1985,0,0,0,0,0,1,0,0,0,0,0,0,0,0,0,0,0,0,0
746,747,1993,0,0,0,0,0,1,0,0,0,0,0,0,0,0,1,0,0,0,0
747,748,1997,0,1,0,0,0,0,0,0,0,0,0,0,0,0,1,0,1,0,0
748,749,1997,0,0,0,0,0,1,0,0,0,0,0,0,0,0,1,0,0,0,0
749,750,1997,0,0,0,0,0,0,0,0,1,0,0,0,0,0,0,0,0,0,0
750,751,1997,0,1,0,0,0,0,0,0,0,0,0,0,0,0,1,0,1,0,0
751,752,1998,0,1,0,0,0,0,0,0,0,0,0,0,0,0,0,0,1,0,0
752,753,1994,0,0,0,0,0,0,0,0,1,0,0,0,0,0,0,0,0,0,0
753,754,1997,0,0,0,0,0,0,1,0,0,0,0,0,0,0,0,0,1,0,0
754,755,1995,0,1,1,0,1,0,0,0,0,1,0,0,0,0,0,1,0,0,0
755,756,1995,0,0,0,0,0,1,0,0,0,0,0,0,0,0,0,0,0,0,0
756,757,1995,0,0,0,0,0,0,0,1,0,0,0,0,0,0,0,0,0,0,0
757,758,1996,0,0,0,0,0,0,0,0,0,0,0,0,0,0,0,1,1,0,0
758,759,1995,0,1,0,0,0,0,0,0,0,0,0,0,0,0,0,0,0,0,0
759,760,1995,0,0,0,0,0,0,0,0,0,0,0,0,0,0,0,1,0,0,0
760,761,1995,0,1,0,0,0,0,0,0,0,0,0,0,0,0,0,0,1,0,0
761,762,1996,0,0,0,0,0,0,0,0,1,0,0,0,0,0,0,0,0,0,0
762,763,1996,0,0,0,0,0,1,0,0,0,0,0,0,0,0,0,0,0,0,0
763,764,1996,0,0,0,0,0,1,0,0,0,0,0,0,0,0,1,0,0,0,0
764,765,1992,0,0,0,0,0,1,0,0,0,0,0,0,0,0,1,0,0,0,0
765,766,1996,0,0,0,0,0,0,0,1,0,0,0,0,0,0,0,0,0,0,0
766,767,1995,0,0,0,0,0,0,0,0,0,0,0,1,0,0,0,0,0,0,0
767,768,1995,0,0,1,0,1,0,0,0,0,0,0,0,0,0,0,0,0,0,0
768,769,1995,0,1,1,0,0,0,0,0,0,0,0,0,0,1,0,1,0,0,0
769,770,1995,0,0,0,0,0,0,1,0,0,0,1,0,0,1,0,0,1,0,0
770,771,1995,0,1,0,0,0,0,0,0,0,0,0,0,0,0,0,1,1,0,0
771,772,1995,0,0,0,0,0,0,0,0,1,0,0,0,0,0,0,0,0,0,0
772,773,1994,0,0,0,0,0,0,0,0,0,0,0,0,0,0,0,0,1,0,0
773,774,1995,0,0,0,0,0,0,0,0,0,0,0,1,0,0,0,0,0,0,0
774,775,1995,0,0,0,0,0,1,0,0,1,0,0,0,0,0,1,0,0,0,0
775,776,1995,0,0,0,0,0,0,0,0,1,0,0,0,0,0,0,0,0,0,0
776,777,1995,0,0,0,0,0,0,0,0,0,0,0,1,0,0,0,0,0,0,0
777,778,1995,0,0,0,0,0,1,0,0,1,0,0,0,0,0,1,0,0,0,0
778,779,1994,0,1,0,0,0,0,0,0,0,0,0,0,0,0,0,0,0,0,0
779,780,1994,0,0,0,0,0,1,0,0,0,0,0,0,0,0,0,0,0,0,0
780,781,1995,0,0,0,0,0,1,0,0,0,0,0,0,0,0,1,0,0,0,0
781,782,1994,0,0,0,0,0,0,0,0,1,0,0,0,0,0,0,0,0,0,0
782,783,1994,0,0,0,0,0,1,0,0,0,0,0,0,0,0,1,0,0,0,0
783,784,1993,0,0,0,0,0,0,0,0,1,0,0,1,0,0,0,0,0,0,0
784,785,1994,0,0,0,0,0,1,0,0,0,0,0,0,0,0,1,0,0,0,0
785,786,1995,0,0,0,0,0,1,0,0,0,0,0,0,0,0,1,0,0,0,0
786,787,1995,0,0,0,0,0,1,0,0,1,0,0,0,0,0,0,0,0,0,0
787,788,1994,0,0,0,0,0,0,0,0,0,0,0,1,0,0,0,0,1,0,0
788,789,1995,0,0,0,0,0,1,0,0,1,0,0,0,0,0,0,0,0,0,0
789,790,1995,0,0,0,0,0,1,0,0,0,0,0,0,0,0,0,0,0,0,0
790,791,1995,0,0,0,0,1,0,0,0,0,0,0,0,0,0,0,0,0,0,0
791,792,1994,0,0,0,0,0,1,0,0,0,0,0,0,0,0,0,0,0,0,0
792,793,1994,0,0,0,0,0,1,0,0,0,0,0,0,0,0,0,0,0,0,0
793,794,1994,0,0,0,0,0,0,0,0,1,0,0,0,0,0,1,0,0,0,0
794,795,1994,0,0,0,0,1,1,0,0,0,0,0,0,0,0,0,0,0,0,0
795,796,1994,0,0,0,0,0,1,0,0,0,0,0,0,0,0,1,0,0,0,0
796,797,1994,0,1,0,0,0,0,0,0,0,0,0,0,0,0,0,1,0,0,0
797,798,1995,0,1,0,0,0,0,0,0,0,0,0,0,0,0,0,0,0,0,0
798,799,1995,0,0,0,0,0,0,0,0,1,0,0,0,0,0,0,0,0,0,0
799,800,1995,0,0,0,0,0,0,0,0,0,0,0,1,0,0,0,0,1,0,0
800,801,1994,0,0,0,0,0,1,0,0,0,0,0,0,0,0,0,0,0,0,0
801,802,1993,0,1,1,0,0,0,1,0,0,0,0,0,0,0,0,0,1,0,0
802,803,1993,0,1,0,0,0,0,0,0,1,0,0,0,0,0,0,0,0,1,0
803,804,1994,0,0,0,0,0,1,0,0,0,0,0,0,0,0,0,0,0,0,0
804,805,1993,0,0,0,0,0,1,0,0,0,0,0,0,0,1,0,0,0,0,0
805,806,1993,0,1,0,0,0,0,1,0,1,0,0,0,0,0,0,0,0,0,0
806,807,1993,0,0,0,0,0,0,0,0,1,0,0,0,0,0,0,0,0,0,0
807,808,1993,0,1,0,0,0,0,0,0,1,0,0,0,0,0,0,0,0,0,0
808,809,1993,0,1,0,0,0,0,0,0,1,0,0,0,0,1,0,0,0,0,0
809,810,1994,0,1,0,0,0,0,0,0,0,0,0,0,0,0,0,0,0,0,0
810,811,1993,0,0,0,0,0,0,0,1,0,0,0,0,0,0,0,0,0,0,0
811,812,1994,0,0,1,0,1,0,0,0,0,0,0,0,0,0,0,0,0,0,0
812,813,1996,0,0,0,0,0,0,0,1,0,0,0,0,0,0,0,0,0,0,0
813,814,1994,0,0,0,0,0,0,0,1,0,0,0,0,0,0,0,0,0,0,0
814,815,1996,0,0,0,0,0,0,0,0,1,0,0,0,0,0,1,0,0,0,0
815,816,1995,0,0,0,0,0,0,0,0,0,0,0,1,0,0,0,0,0,0,0
816,817,1996,0,0,0,0,0,0,0,0,1,0,0,0,0,0,0,0,0,0,0
817,818,1996,0,0,0,0,0,1,0,0,0,0,0,0,0,0,0,0,0,0,0
818,819,1996,0,0,0,0,0,1,0,0,0,0,0,0,0,0,0,0,0,0,0
819,820,1996,0,0,1,1,1,1,0,0,0,1,0,0,0,0,0,0,0,0,0
820,821,1996,0,0,0,0,0,1,0,0,0,0,0,0,0,0,1,0,0,0,0
821,822,1968,0,0,0,0,0,0,0,0,1,0,0,0,0,0,0,0,0,0,0
822,823,1996,0,0,0,0,0,0,1,0,0,0,1,0,0,0,0,0,1,0,0
823,824,1996,0,0,0,0,0,1,0,0,0,0,0,0,0,0,0,0,0,0,0
824,825,1996,0,1,0,0,0,0,0,0,0,0,0,0,0,0,0,1,1,0,0
825,826,1996,0,0,1,0,0,0,0,0,0,0,0,0,0,0,0,0,0,0,0
826,827,1996,0,1,1,0,0,0,0,0,0,0,0,0,0,0,0,0,1,0,0
827,828,1996,0,0,1,0,1,0,0,0,0,0,0,0,0,0,0,0,0,0,0
828,829,1996,0,1,1,0,0,0,0,0,0,0,0,0,0,0,0,0,0,0,0
829,830,1996,0,1,0,0,0,0,0,0,0,0,0,0,0,1,0,0,1,0,0
830,831,1996,0,1,1,0,0,0,0,0,0,0,0,0,0,0,0,1,1,0,0
831,832,1996,0,0,0,0,1,0,0,0,1,1,0,0,0,0,0,0,0,0,0
832,833,1996,0,1,0,0,0,0,0,0,0,0,0,0,0,0,0,0,0,0,0
833,834,1995,0,0,0,0,0,0,0,0,0,0,0,1,0,0,0,0,1,0,0
834,835,1934,0,0,0,0,0,1,0,0,0,0,0,0,1,0,1,0,0,0,0
835,836,1939,0,0,0,0,0,1,0,0,0,0,0,0,0,0,1,0,0,0,0
836,837,1941,0,0,0,0,0,0,0,0,1,0,0,0,0,0,0,0,0,0,0
837,838,1996,0,1,0,0,0,0,0,0,0,0,0,0,0,0,0,0,0,0,0
838,839,1995,0,0,0,0,0,0,0,0,0,0,0,1,0,0,0,0,1,0,0
839,840,1996,0,1,0,0,0,0,0,0,1,0,0,0,0,0,0,0,0,0,1
840,841,1996,0,1,0,0,0,0,0,0,0,0,0,0,0,0,0,0,1,0,0
841,842,1960,0,0,0,0,1,1,0,0,1,0,0,0,0,0,0,0,0,0,0
842,843,1959,0,0,0,0,1,1,0,0,0,0,0,0,0,0,0,0,0,0,0
843,844,1996,0,0,0,0,0,0,1,0,0,0,0,0,0,0,0,0,0,0,0
844,845,1996,0,0,0,0,0,1,0,0,0,0,0,0,0,0,0,0,0,0,0
845,846,1996,0,0,0,0,0,0,0,0,1,0,0,0,0,0,1,0,0,0,0
846,847,1996,0,0,0,0,0,0,0,1,1,0,0,0,0,0,0,0,0,0,0
847,848,1944,0,0,0,0,0,0,0,0,0,0,1,0,0,0,0,0,1,0,0
848,849,1990,0,1,0,0,0,0,0,0,0,0,0,0,0,0,1,0,0,0,0
849,850,1996,0,0,0,0,0,0,0,1,0,0,0,0,0,0,0,0,0,0,0
850,851,1966,0,0,0,0,0,0,0,0,1,0,0,0,0,0,0,0,0,0,0
851,852,1996,0,0,0,0,0,0,0,0,1,0,0,0,0,0,0,0,1,0,0
852,853,1992,0,0,0,0,0,1,0,0,0,0,0,1,0,0,0,0,0,0,0
853,854,1987,0,0,0,0,0,1,0,0,0,0,0,1,0,0,0,0,0,0,0
854,855,1981,0,1,0,0,0,0,0,0,1,0,0,0,0,1,1,0,1,0,0
855,856,1991,0,0,0,0,0,1,0,0,1,0,0,0,0,0,0,0,0,0,0
856,857,1996,0,0,0,0,0,0,0,1,0,0,0,0,0,0,0,0,0,0,0
857,858,1996,0,0,0,0,0,0,0,0,0,0,0,1,0,0,0,0,0,0,0
858,859,1986,0,0,0,0,0,1,0,0,0,0,0,1,0,0,0,0,0,0,0
859,860,1987,0,0,0,0,0,0,0,0,0,0,0,1,0,0,0,0,1,0,0
860,861,1986,0,0,0,0,0,0,0,0,0,0,0,1,0,0,0,0,0,0,0
861,862,1996,0,0,1,0,1,1,0,0,0,0,0,0,0,0,0,0,0,0,0
862,863,1996,0,0,0,0,0,0,0,0,1,0,0,0,0,0,0,0,0,0,0
863,864,1996,0,0,0,0,0,1,0,0,0,0,0,0,0,0,0,0,0,0,0
864,865,1997,0,0,0,0,0,0,0,0,1,0,0,0,0,0,0,0,0,0,0
865,866,1996,0,0,0,0,0,1,0,0,0,0,0,0,0,0,1,0,0,0,0
866,867,1996,0,0,0,0,0,0,0,0,1,0,0,0,0,0,0,0,0,0,0
867,868,1997,0,0,0,0,0,0,0,0,1,0,0,0,0,0,0,0,0,0,0
868,869,1997,0,0,0,0,0,1,0,0,0,0,0,0,0,0,1,0,0,0,0
869,870,1997,0,0,0,0,0,0,0,0,0,0,0,0,0,0,1,0,0,0,0
870,871,1997,0,0,0,0,0,1,0,0,0,0,0,0,0,0,0,0,0,0,0
871,872,1997,0,0,0,0,0,0,0,0,0,0,0,0,0,0,1,0,0,0,0
872,873,1997,0,0,0,0,0,1,0,0,0,0,0,0,0,0,1,0,0,0,0
873,874,1997,0,0,0,0,0,0,0,0,1,0,0,0,0,0,0,0,0,0,0
874,875,1997,0,0,0,0,0,0,0,0,1,0,0,0,0,0,1,0,0,0,0
875,876,1997,0,1,0,0,0,1,0,0,0,0,0,0,0,0,0,0,0,0,0
876,877,1997,0,0,1,0,0,0,0,0,0,0,0,0,0,0,1,0,0,0,0
877,878,1997,0,0,0,0,1,1,0,0,0,0,0,0,0,1,0,0,0,0,0
878,879,1997,0,1,0,0,0,0,0,0,0,0,0,0,0,0,0,0,1,1,0
879,880,1997,0,0,0,0,0,0,0,0,1,0,0,0,0,0,0,0,0,0,0
880,881,1997,0,1,0,0,0,1,0,0,0,0,0,0,0,0,0,0,0,0,0
881,882,1997,0,0,0,0,0,0,0,0,1,0,0,0,0,0,0,0,0,0,0
882,883,1997,0,0,0,0,0,0,0,0,1,0,0,0,0,0,0,0,0,0,0
883,884,1997,0,0,0,0,0,0,0,1,0,0,0,0,0,0,0,0,0,0,0
884,885,1998,0,0,0,0,0,0,0,0,0,0,0,1,0,0,0,0,0,0,0
885,886,1997,0,0,0,0,0,0,0,0,0,0,0,0,0,0,1,0,1,0,0
886,887,1997,0,0,0,0,0,0,0,0,1,0,0,0,0,0,0,0,0,0,0
887,888,1997,0,0,0,0,0,0,0,0,1,0,0,0,0,0,0,0,0,0,0
888,889,1997,0,0,0,0,0,0,0,0,0,0,0,0,0,0,1,0,0,0,0
889,890,1997,0,1,1,0,0,0,0,0,0,0,0,0,0,0,0,0,0,0,0
890,891,1997,0,0,0,0,0,0,0,0,1,0,0,0,0,0,0,0,0,1,0
891,892,1997,0,0,0,0,1,1,0,0,0,1,0,0,0,0,0,0,0,0,0
892,893,1997,0,0,0,0,0,1,0,0,0,0,0,0,0,0,0,0,0,0,0
893,894,1997,0,0,0,0,1,1,0,0,0,0,0,0,0,0,0,0,0,0,0
894,895,1997,0,0,0,0,0,0,0,0,0,0,0,1,0,0,0,0,1,0,0
895,896,1997,0,0,0,0,0,0,0,0,1,0,0,0,0,0,0,0,0,0,0
896,897,1995,0,1,1,0,0,0,0,0,0,0,0,0,0,0,0,1,0,0,0
897,898,1997,0,0,0,0,0,0,0,0,1,0,0,0,0,0,0,0,0,0,0
898,899,1997,0,0,0,0,0,0,0,0,1,0,0,0,0,0,0,0,0,0,0
899,900,1997,0,0,0,0,0,0,0,0,1,0,0,0,0,0,0,0,0,0,0
900,901,1997,0,0,0,0,0,1,0,0,0,0,0,0,0,0,0,0,0,0,0
901,902,1997,0,0,0,0,0,1,1,0,0,0,0,0,0,1,0,0,1,0,0
902,903,1997,0,0,0,0,0,0,0,0,1,0,0,0,0,0,1,0,0,0,0
903,904,1997,0,0,0,0,0,1,0,0,1,0,0,0,0,0,0,0,0,0,0
904,905,1998,0,0,0,0,0,0,0,0,1,0,0,0,0,0,1,0,0,0,0
905,906,1997,0,0,0,0,0,0,0,0,1,0,0,0,0,0,1,0,0,0,0
906,907,1997,0,0,0,0,0,1,0,0,0,0,0,0,0,0,0,0,0,0,0
907,908,1998,0,0,0,0,0,1,0,0,0,0,0,0,0,0,0,0,0,0,0
908,909,1998,0,0,0,0,0,0,0,0,1,0,0,0,0,0,0,0,0,0,0
909,910,1998,0,0,0,0,0,0,0,0,1,0,0,0,0,0,0,0,0,0,0
910,911,1998,0,0,0,0,0,0,1,0,1,0,0,0,0,0,0,0,0,0,0
911,912,1998,0,1,0,0,0,0,0,0,0,0,0,0,0,0,0,0,1,0,0
912,913,1998,0,0,0,0,0,1,0,0,0,0,0,0,0,0,0,0,0,0,0
913,914,1998,0,0,0,0,0,0,1,0,1,0,0,0,0,1,0,0,1,0,0
914,915,1998,0,0,0,0,0,0,0,0,1,0,0,0,0,0,0,0,0,0,0
915,916,1998,0,1,0,0,0,0,0,0,0,0,0,0,0,0,0,1,1,0,0
916,917,1998,0,1,0,0,0,0,0,0,1,0,0,0,0,0,0,0,1,0,0
917,918,1998,0,0,0,0,0,0,0,0,0,0,0,0,0,0,1,0,0,0,0
918,919,1995,0,0,1,0,0,0,0,0,0,0,0,0,0,0,0,1,0,0,0
919,920,1995,0,0,0,0,0,0,0,0,1,0,0,0,0,0,0,0,0,0,0
920,921,1993,0,0,0,0,0,0,0,0,1,0,0,0,0,0,1,0,0,0,0
921,922,1996,0,0,0,0,0,0,0,0,0,0,0,0,0,0,0,0,0,0,1
922,923,1991,0,0,0,0,0,0,0,0,1,0,0,0,0,0,0,0,0,0,0
923,924,1996,0,0,1,0,0,0,0,0,1,0,0,0,0,0,0,0,0,0,0
924,925,1996,0,0,0,0,0,0,0,0,0,0,0,0,0,0,0,1,1,0,0
925,926,1996,0,0,0,0,0,1,0,0,0,0,0,0,0,0,0,0,0,0,0
926,927,1996,0,0,0,0,0,0,0,0,1,0,0,0,0,0,0,0,0,0,0
927,928,1996,0,0,0,0,0,0,0,0,1,0,0,1,0,0,0,0,0,0,0
928,929,1996,0,0,0,0,1,1,0,0,0,0,0,0,0,0,0,0,0,0,0
929,930,1996,0,1,1,0,0,0,0,0,0,0,0,0,0,0,0,0,1,0,0
930,931,1996,0,0,0,0,0,0,0,0,0,0,0,0,0,0,0,1,1,0,0
931,932,1996,0,0,0,0,1,1,0,0,0,0,0,0,0,0,0,0,0,0,0
932,933,1996,0,0,0,0,0,0,0,0,1,0,0,0,0,0,0,0,0,0,0
933,934,1996,0,0,0,0,0,0,0,0,1,0,0,0,0,0,0,0,0,0,0
934,935,1997,0,0,0,0,0,0,0,0,1,0,0,0,0,0,0,0,0,1,0
935,936,1997,0,0,0,0,0,1,0,0,1,0,0,0,0,0,1,0,0,0,0
936,937,1997,0,0,0,0,0,0,0,0,1,0,0,0,0,0,0,0,0,0,0
937,938,1997,0,0,0,0,0,1,0,0,0,0,0,0,0,0,1,0,0,0,0
938,939,1995,0,0,0,0,0,0,0,0,1,0,0,0,0,0,0,0,1,0,0
939,940,1994,0,0,0,0,0,1,0,0,0,0,0,0,0,0,0,0,0,0,0
940,941,1994,0,0,0,0,0,1,0,0,1,0,0,0,0,0,0,0,0,0,0
941,942,1993,0,0,0,0,0,0,0,0,1,0,0,0,0,0,0,0,0,0,0
942,943,1994,0,0,0,0,0,0,0,0,0,0,0,0,0,0,0,0,1,0,0
943,944,1994,0,0,0,0,0,1,0,0,1,0,0,0,0,0,0,0,0,1,0
944,945,1963,0,0,0,0,0,1,0,0,0,0,0,0,0,1,1,0,1,0,0
945,946,1981,0,0,0,1,1,0,0,0,0,0,0,0,0,0,0,0,0,0,0
946,947,1988,0,0,1,0,0,0,0,0,0,0,0,0,0,0,1,0,0,0,0
947,948,1997,0,0,0,0,0,1,0,0,0,0,0,0,0,0,1,0,0,0,0
948,949,1995,0,0,0,0,0,0,0,0,1,0,0,0,0,0,1,0,0,0,0
949,950,1995,0,0,0,0,0,0,0,0,1,0,0,0,0,0,0,0,0,0,0
950,951,1995,0,0,1,0,1,0,0,0,0,1,0,0,0,0,0,0,0,0,0
951,952,1995,0,0,0,0,0,1,0,0,0,0,0,0,0,0,0,0,0,0,0
952,953,1995,0,0,0,0,0,1,0,0,1,0,0,0,0,0,0,0,0,0,0
953,954,1995,0,0,0,0,0,0,0,1,0,0,0,0,0,0,0,0,0,0,0
954,955,1995,0,0,0,0,0,0,0,0,1,0,0,0,0,0,1,0,0,0,0
955,956,1994,0,0,0,0,0,0,0,0,1,0,0,0,0,0,0,0,0,0,0
956,957,1992,0,0,0,0,0,1,0,0,0,0,0,0,0,0,0,0,0,0,0
957,958,1994,0,0,0,0,0,0,0,0,1,0,0,0,0,0,0,0,0,0,0
958,959,1993,0,0,0,0,0,1,0,0,0,0,0,0,0,0,0,0,0,0,0
959,960,1993,0,0,0,0,0,0,0,0,1,0,0,0,0,0,0,0,0,0,0
960,961,1993,0,0,0,0,0,0,0,0,1,0,0,0,0,0,0,0,0,0,0
961,962,1993,0,0,0,0,0,0,0,0,1,0,0,0,0,0,0,0,0,0,0
962,963,1993,0,0,0,0,0,0,0,0,1,0,0,0,0,0,0,0,1,0,0
963,964,1995,0,0,0,0,0,1,0,0,1,0,0,0,0,0,0,0,0,0,0
964,965,1957,0,0,0,0,0,1,0,0,0,0,0,0,1,0,0,0,0,0,0
965,966,1957,0,0,0,0,0,0,0,0,0,0,0,0,0,0,1,0,0,0,0
966,967,1936,0,0,0,0,0,0,0,0,1,0,0,0,0,0,0,0,0,0,0
967,968,1949,0,0,0,0,0,0,0,0,0,0,0,0,1,0,0,0,0,0,0
968,969,1968,0,0,0,1,1,0,0,0,0,0,0,0,0,0,0,0,0,0,0
969,970,1991,0,0,0,0,0,1,0,0,0,0,0,0,0,0,0,0,0,0,0
970,971,1991,0,0,0,0,0,1,0,0,0,0,0,0,0,0,0,0,0,1,0
971,972,1992,0,0,0,0,0,0,0,0,1,0,0,0,0,0,0,0,0,0,0
972,973,1996,0,0,0,0,0,0,0,1,0,0,0,0,0,0,0,0,0,0,0
973,974,1996,0,0,0,0,0,0,0,0,1,0,0,0,0,0,0,0,1,0,0
974,975,1996,0,0,0,0,0,0,0,0,0,0,0,0,0,0,0,0,1,0,0
975,976,1996,0,1,0,0,0,0,0,0,0,0,0,0,0,0,0,1,1,0,0
976,977,1996,0,1,0,0,0,0,0,0,0,0,0,0,0,0,0,0,0,0,0
977,978,1996,0,0,0,0,0,0,0,0,0,0,0,0,0,1,0,0,1,0,0
978,979,1996,0,0,0,0,0,0,0,0,1,0,0,0,0,0,0,0,1,0,0
979,980,1996,0,0,0,0,0,0,0,0,1,0,0,0,0,0,0,0,0,0,0
980,981,1996,0,0,0,0,0,0,0,0,1,0,0,0,0,0,0,0,0,0,0
981,982,1996,0,1,1,0,0,0,0,0,0,0,0,0,0,0,0,0,1,0,0
982,983,1996,0,0,0,0,0,0,0,0,0,0,0,0,0,0,0,0,1,0,0
983,984,1997,0,0,0,0,0,0,0,0,0,0,0,0,0,0,0,0,1,0,0
984,985,1996,0,0,0,0,0,0,0,0,1,0,0,0,0,0,0,0,0,0,0
985,986,1997,0,0,0,0,0,0,0,0,0,0,0,0,0,0,0,0,1,0,0
986,987,1997,0,0,0,0,0,0,0,0,0,0,0,0,0,0,0,0,1,0,0
987,988,1997,0,0,0,0,0,1,0,0,0,0,0,0,0,0,1,0,0,0,0
988,989,1997,0,0,0,1,1,0,0,0,0,0,0,0,1,0,0,0,0,0,0
989,990,1997,0,0,0,0,0,0,0,0,1,0,0,0,0,0,1,0,0,0,0
990,991,1997,0,0,0,0,0,0,1,0,0,0,0,0,0,0,0,0,0,0,0
991,992,1997,0,0,0,0,0,1,0,0,0,0,0,0,0,0,0,0,1,0,0
992,993,1997,0,0,1,1,1,1,0,0,0,0,0,0,1,0,0,0,0,0,0
993,994,1997,0,0,0,0,0,0,0,0,1,0,0,0,0,0,0,0,0,0,0
994,995,1997,0,0,0,0,0,1,0,0,0,0,0,0,0,0,0,0,0,0,0
995,996,1995,0,0,0,0,1,1,0,0,0,0,0,0,0,0,0,0,0,0,0
996,997,1995,0,0,0,0,0,1,0,0,0,0,0,0,0,0,0,0,0,0,0
997,998,1994,0,0,0,0,0,1,0,0,0,0,0,0,0,0,0,0,0,0,0
998,999,1994,0,0,0,0,0,1,0,0,0,0,0,0,0,0,0,0,0,0,0
999,1000,1994,0,0,0,0,0,1,0,0,0,0,0,0,0,0,0,0,0,0,1
1000,1001,1996,0,0,0,0,0,1,0,0,0,0,0,0,0,0,0,0,0,0,0
1001,1002,1997,0,0,0,0,0,1,0,0,0,0,0,0,0,0,0,0,0,0,0
1002,1003,1997,0,0,0,0,1,1,0,0,0,0,0,0,0,1,0,0,0,0,0
1003,1004,1993,0,0,0,0,0,0,0,0,1,0,0,0,0,0,0,0,0,0,1
1004,1005,1991,0,0,0,0,0,0,0,0,1,0,0,0,0,0,0,0,0,0,0
1005,1006,1991,0,0,0,0,0,0,0,0,1,0,0,0,0,0,0,1,0,0,0
1006,1007,1997,0,0,0,0,0,1,0,0,0,0,0,0,0,0,0,0,0,0,0
1007,1008,1996,0,0,0,0,0,0,0,0,1,0,0,0,0,0,0,0,0,0,0
1008,1009,1996,0,0,0,0,0,0,0,0,1,0,0,0,0,0,0,0,0,0,0
1009,1010,1996,0,0,0,0,0,0,0,0,1,0,0,0,0,0,0,0,0,0,0
1010,1011,1996,0,0,0,0,0,0,1,0,0,0,0,0,0,0,0,0,0,0,0
1011,1012,1997,0,0,0,0,0,1,0,0,1,0,0,0,0,0,0,0,0,0,0
1012,1013,1997,0,1,1,0,0,0,0,0,0,0,0,0,0,0,0,0,1,0,0
1013,1014,1997,0,0,0,0,0,1,0,0,0,0,0,0,0,0,0,0,0,0,0
1014,1015,1997,0,0,0,0,1,0,0,0,1,0,0,0,0,0,0,0,0,0,0
1015,1016,1997,0,1,1,0,0,0,0,0,0,0,0,0,0,0,0,0,1,0,0
1016,1017,1996,0,0,0,0,0,0,0,0,1,0,0,0,0,0,0,0,0,0,0
1017,1018,1990,0,0,0,0,0,0,0,0,1,0,0,0,0,0,0,0,0,0,0
1018,1019,1989,0,1,0,0,0,0,0,0,0,0,0,0,0,0,0,0,1,0,0
1019,1020,1944,0,0,0,0,0,0,0,0,0,0,0,0,0,1,0,0,1,0,0
1020,1021,1963,0,0,0,0,0,0,0,0,1,0,0,0,0,0,0,0,0,0,0
1021,1022,1997,0,0,0,0,0,0,0,1,0,0,0,0,0,0,0,0,0,0,0
1022,1023,1997,0,0,0,0,0,1,0,0,0,0,0,0,0,0,0,0,0,0,0
1023,1024,1997,0,0,0,0,0,0,0,0,0,0,0,0,0,0,1,0,0,0,0
1024,1025,1997,0,1,0,0,0,0,0,0,1,0,0,0,0,0,0,0,1,0,0
1025,1026,1997,0,0,0,0,0,1,0,0,1,0,0,0,0,0,0,0,0,0,0
1026,1027,1995,0,1,0,0,0,0,0,0,0,0,0,0,0,0,0,0,0,0,0
1027,1028,1995,0,0,0,0,0,1,0,0,0,0,0,0,0,0,1,0,0,0,0
1028,1029,1995,0,0,0,0,0,1,0,0,0,0,0,0,0,0,0,0,0,0,0
1029,1030,1993,0,0,0,0,0,1,0,0,0,0,0,0,0,0,0,0,0,0,0
1030,1031,1994,0,0,1,0,1,0,0,0,0,0,0,0,0,0,0,0,0,0,0
1031,1032,1994,0,0,0,0,1,1,0,0,0,0,0,0,0,0,0,0,0,0,0
1032,1033,1996,0,0,1,0,1,0,0,0,0,0,0,0,0,0,0,0,0,0,0
1033,1034,1996,0,1,1,0,0,0,0,0,0,0,0,0,0,0,0,0,0,0,0
1034,1035,1993,0,0,0,0,0,1,0,0,0,0,0,0,0,0,0,0,0,0,0
1035,1036,1991,0,0,0,0,0,1,0,0,0,1,0,0,0,0,0,0,0,0,0
1036,1037,1982,0,0,0,0,0,1,0,0,0,0,0,0,1,0,1,0,0,0,0
1037,1038,1997,0,0,0,0,0,0,0,0,0,0,0,0,0,0,0,0,1,0,0
1038,1039,1997,0,0,0,0,0,0,0,0,1,0,0,0,0,0,0,0,0,0,0
1039,1040,1996,0,0,0,0,0,1,0,0,0,0,0,0,0,0,1,0,0,0,0
1040,1041,1995,0,0,0,0,0,1,0,0,0,0,0,0,0,0,1,0,0,0,0
1041,1042,1995,0,0,0,0,0,0,0,0,0,0,0,0,0,1,0,0,1,0,0
1042,1043,1995,0,0,0,0,0,1,0,0,0,0,0,0,0,0,0,0,0,0,0
1043,1044,1994,0,0,0,0,0,1,0,0,1,0,0,0,0,0,0,0,0,0,0
1044,1045,1993,0,0,0,0,0,0,0,0,1,0,0,0,0,0,0,0,0,0,0
1045,1046,1993,0,0,0,0,0,0,0,0,0,0,0,0,0,0,0,0,1,0,0
1046,1047,1996,0,0,0,0,0,1,0,0,0,0,0,0,0,0,0,0,0,0,0
1047,1048,1996,0,0,0,0,0,1,0,0,0,0,0,0,0,0,1,0,0,0,0
1048,1049,1996,0,0,0,0,0,1,0,0,0,0,0,0,0,0,0,0,0,0,0
1049,1050,1947,0,0,0,0,0,0,0,0,1,0,0,0,0,0,1,0,0,0,0
1050,1051,1996,0,0,0,0,0,1,0,0,0,0,0,0,0,0,0,0,0,0,0
1051,1052,1995,0,0,0,0,0,1,0,0,0,0,0,1,0,0,0,0,0,0,0
1052,1053,1995,0,0,0,0,0,0,0,0,1,0,0,0,0,0,0,0,0,0,0
1053,1054,1996,0,0,0,0,0,1,0,0,0,0,0,0,0,0,0,0,0,0,0
1054,1055,1994,0,0,0,0,0,0,0,0,1,0,0,0,0,0,0,0,0,0,0
1055,1056,1992,0,0,0,0,0,0,0,0,0,0,0,1,0,0,0,0,0,0,0
1056,1057,1996,0,0,0,0,0,1,0,0,0,0,0,0,0,0,0,0,0,0,0
1057,1058,1994,0,0,1,0,0,0,0,0,1,0,0,0,0,0,0,0,0,0,0
1058,1059,1996,0,0,0,0,0,1,0,0,0,0,0,0,0,0,0,0,0,0,0
1059,1060,1996,0,0,1,0,1,0,0,0,0,0,0,0,0,0,0,0,0,0,0
1060,1061,1996,0,0,0,0,0,1,0,0,1,0,0,0,0,0,0,0,0,0,0
1061,1062,1998,0,0,0,0,0,0,0,0,1,0,0,0,0,0,0,0,0,0,0
1062,1063,1995,0,0,0,0,1,0,0,0,1,0,0,0,0,0,0,0,0,0,0
1063,1064,1947,0,0,0,0,0,0,1,0,0,0,1,0,0,0,0,0,0,0,0
1064,1065,1983,0,0,0,0,0,0,0,1,0,0,0,0,0,0,0,0,0,1,0
1065,1066,1995,0,0,0,1,1,0,0,0,0,0,0,0,0,0,0,0,0,0,0
1066,1067,1996,0,0,0,0,0,1,0,0,0,0,0,0,0,0,0,0,0,0,0
1067,1068,1996,0,0,0,0,0,0,0,0,1,0,0,0,0,0,0,0,0,0,0
1068,1069,1994,0,0,0,0,0,0,1,0,1,0,0,0,0,0,0,0,1,0,0
1069,1070,1995,0,0,0,0,0,1,0,0,0,0,0,0,0,0,0,0,0,0,0
1070,1071,1995,0,0,0,0,0,1,0,0,0,0,0,0,0,0,0,0,0,0,0
1071,1072,1995,0,0,0,0,0,1,0,0,0,0,0,0,0,0,1,0,0,0,0
1072,1073,1994,0,0,0,0,0,0,0,0,0,0,0,0,0,0,0,0,1,0,0
1073,1074,1994,0,0,0,0,0,1,0,0,1,0,0,0,0,0,0,0,0,0,0
1074,1075,1994,0,0,0,0,0,0,0,0,1,0,0,0,0,0,0,0,0,0,0
1075,1076,1994,0,1,1,1,1,0,0,0,0,1,0,0,0,0,0,0,0,0,0
1076,1077,1994,0,0,0,0,0,0,0,0,0,0,0,0,0,0,0,0,1,0,0
1077,1078,1988,0,0,0,1,1,0,0,0,0,0,0,0,0,0,0,0,0,0,0
1078,1079,1996,0,0,0,0,0,1,0,0,0,0,0,0,1,0,0,0,0,0,0
1079,1080,1996,0,0,0,0,0,1,0,0,0,0,0,0,0,0,0,0,0,0,0
1080,1081,1996,0,0,0,0,0,0,1,0,0,0,0,0,0,0,0,0,0,0,0
1081,1082,1997,0,0,0,0,0,0,0,0,1,0,0,0,0,0,0,0,0,0,0
1082,1083,1997,0,0,0,0,0,0,1,0,0,0,0,0,0,0,0,0,1,0,0
1083,1084,1996,0,0,0,0,0,0,0,1,0,0,0,0,0,0,0,0,0,0,0
1084,1085,1996,0,0,0,0,0,0,0,0,1,0,0,0,0,0,1,0,0,0,0
1085,1086,1996,0,0,0,0,0,0,0,0,1,0,0,0,0,0,0,0,0,0,0
1086,1087,1996,0,1,0,0,0,0,0,0,0,0,0,0,0,0,0,0,0,0,0
1087,1088,1997,0,1,0,0,0,0,0,0,0,0,0,0,0,0,0,0,0,0,0
1088,1089,1997,0,1,0,0,0,0,0,0,0,0,0,0,0,0,1,0,1,0,0
1089,1090,1993,0,0,0,0,0,0,0,0,0,0,0,0,0,0,0,0,1,0,0
1090,1091,1977,0,0,1,1,1,0,0,0,0,0,0,0,1,0,0,0,0,0,0
1091,1092,1996,0,0,0,0,0,1,0,0,0,0,0,0,0,0,0,0,0,0,0
1092,1093,1996,0,0,0,0,0,1,0,0,0,0,0,0,0,0,0,0,0,0,0
1093,1094,1996,0,0,0,0,0,1,0,0,0,0,0,0,0,0,0,0,0,0,0
1094,1095,1996,0,0,0,0,0,1,0,0,0,0,0,0,0,0,0,0,0,0,0
1095,1096,1997,0,0,0,0,0,0,0,0,0,0,0,0,0,0,1,0,0,0,0
1096,1097,1996,0,0,0,0,0,0,0,0,1,0,0,0,0,0,0,0,0,0,0
1097,1098,1996,0,0,0,0,0,1,0,0,0,0,0,0,0,0,0,0,0,0,0
1098,1099,1994,0,0,0,0,0,0,0,0,1,0,0,0,0,0,0,0,0,0,0
1099,1100,1994,0,0,0,0,0,1,0,0,1,0,0,0,0,0,1,0,0,0,0
1100,1101,1993,0,0,0,0,0,0,0,0,1,0,0,0,0,1,0,0,0,0,0
1101,1102,1996,0,0,0,0,0,1,0,0,0,0,0,0,0,0,1,0,0,0,0
1102,1103,1990,0,0,0,0,0,1,0,0,1,0,0,0,0,0,0,0,0,0,0
1103,1104,1992,0,0,0,0,0,1,1,0,1,0,0,0,0,0,0,0,0,0,0
1104,1105,1998,0,1,1,0,0,0,0,0,0,0,0,0,0,0,0,0,1,0,0
1105,1106,1998,0,0,0,0,0,0,1,0,1,0,0,0,0,0,0,0,0,0,0
1106,1107,1995,0,0,0,0,0,0,0,0,1,0,0,0,0,0,0,0,0,0,0
1107,1108,1995,0,0,0,0,0,0,0,0,1,0,0,0,0,0,0,0,0,0,0
1108,1109,1994,0,0,0,0,0,0,0,0,1,0,0,0,0,0,0,0,1,0,0
1109,1110,1995,0,1,0,0,0,1,0,0,0,0,0,0,1,0,0,1,0,0,0
1110,1111,1996,0,0,0,0,0,0,0,0,1,0,0,0,0,0,0,0,0,0,0
1111,1112,1994,0,0,0,0,0,0,0,0,1,0,0,0,0,0,0,0,0,0,0
1112,1113,1994,0,0,0,0,0,0,0,0,1,0,0,0,0,0,0,0,0,0,0
1113,1114,1996,0,0,0,0,0,1,0,0,0,0,0,0,0,0,0,0,0,0,0
1114,1115,1996,0,0,0,0,0,1,0,0,1,0,0,0,0,0,1,0,0,0,0
1115,1116,1940,0,0,1,0,0,0,0,0,0,0,0,0,0,0,0,0,0,0,0
1116,1117,1996,0,0,0,0,0,0,0,0,1,0,0,0,0,0,0,0,0,0,0
1117,1118,1978,0,0,0,0,0,1,0,0,0,0,0,0,0,0,0,0,0,0,0
1118,1119,1987,0,0,0,0,0,0,0,0,1,0,0,0,0,0,1,0,0,0,0
1119,1120,1996,0,0,0,0,0,1,0,0,0,0,0,0,0,0,0,0,0,0,0
1120,1121,1996,0,0,0,0,0,0,0,0,1,0,0,0,1,0,0,0,0,0,0
1121,1122,1939,0,0,0,0,0,0,1,0,1,0,0,0,0,0,0,0,0,0,0
1122,1123,1954,0,0,0,0,0,0,0,0,1,0,0,0,0,0,0,0,0,0,0
1123,1124,1932,0,0,0,0,0,0,0,0,0,0,0,0,0,0,1,0,0,1,0
1124,1125,1961,0,0,0,0,0,0,0,0,0,0,0,0,0,0,0,0,1,0,0
1125,1126,1958,0,0,1,0,0,0,0,0,1,0,0,0,0,0,0,0,0,0,0
1126,1127,1998,0,0,0,0,0,0,0,0,1,0,0,0,0,0,0,0,0,0,0
1127,1128,1996,0,0,0,0,0,0,0,1,0,0,0,0,0,0,0,0,0,0,0
1128,1129,1996,0,0,0,0,0,0,0,0,1,0,0,0,0,1,1,0,0,0,0
1129,1130,1996,0,0,0,0,0,0,0,1,0,0,0,0,0,0,0,0,0,0,0
1130,1131,1995,0,0,0,0,0,0,0,0,0,0,0,0,0,0,0,0,1,0,0
1131,1132,1996,0,0,0,0,0,0,0,0,1,0,0,0,0,0,1,0,0,0,0
1132,1133,1975,0,0,1,0,1,0,0,0,0,1,0,0,0,0,0,0,0,0,0
1133,1134,1996,0,0,0,0,0,0,0,0,1,0,0,0,0,0,0,0,0,0,0
1134,1135,1991,0,0,0,0,0,0,0,0,1,0,0,0,1,0,0,0,0,0,0
1135,1136,1996,0,0,0,0,0,0,0,0,1,0,0,0,0,0,0,0,0,0,0
1136,1137,1996,0,0,0,0,0,0,0,0,1,0,0,0,0,0,1,0,0,0,0
1137,1138,1997,0,1,0,0,0,1,1,0,1,0,0,0,0,0,0,0,0,0,0
1138,1139,1995,0,1,0,0,0,0,1,0,0,0,0,0,0,0,0,0,1,0,0
1139,1140,1994,0,0,0,0,0,1,0,0,0,0,0,0,0,0,0,0,0,0,0
1140,1141,1993,0,0,0,0,0,0,0,1,0,0,0,0,0,0,0,0,0,0,0
1141,1142,1997,0,0,0,0,0,0,0,1,0,0,0,0,0,0,0,0,0,0,0
1142,1143,1997,0,0,0,0,0,0,1,0,0,0,0,0,0,0,0,0,1,0,0
1143,1144,1997,0,0,0,0,0,0,0,0,1,0,0,0,0,0,0,0,0,0,0
1144,1145,1994,0,0,0,0,0,0,0,0,1,0,0,0,0,0,0,0,0,0,0
1145,1146,1993,0,0,0,0,0,0,0,0,1,0,0,0,0,0,0,0,0,0,0
1146,1147,1995,0,0,0,0,0,0,0,0,1,0,0,0,0,0,0,0,0,0,0
1147,1148,1994,0,0,0,0,0,0,0,0,1,0,0,0,0,0,0,0,0,0,0
1148,1149,1971,0,0,0,0,0,0,0,0,1,0,0,0,0,0,0,0,0,0,0
1149,1150,1996,0,0,0,0,0,0,0,0,1,0,0,0,0,0,0,0,0,0,0
1150,1151,1996,0,0,0,0,0,0,1,0,0,0,0,0,0,0,0,0,0,0,0
1151,1152,1997,0,0,0,0,0,0,0,0,0,0,0,0,0,0,1,0,0,1,0
1152,1153,1993,0,0,0,0,0,0,0,0,1,0,0,0,1,0,0,0,0,0,0
1153,1154,1965,0,0,0,0,0,0,0,0,0,0,0,0,0,0,0,1,0,0,0
1154,1155,1996,0,0,0,0,0,1,0,0,0,0,0,0,0,0,1,0,0,0,0
1155,1156,1996,0,0,0,0,0,0,1,0,1,0,0,0,0,0,0,0,0,0,0
1156,1157,1997,0,0,0,0,0,0,0,0,0,0,0,1,0,0,0,0,0,0,0
1157,1158,1996,0,0,0,0,0,0,0,0,1,0,0,0,0,0,0,0,0,0,0
1158,1159,1979,0,0,0,0,0,0,0,0,0,0,0,0,0,1,0,1,0,0,0
1159,1160,1997,0,0,0,0,0,0,0,0,1,0,0,0,0,0,1,0,0,0,0
1160,1161,1996,0,1,0,0,0,0,0,0,1,0,0,0,0,0,0,0,0,0,0
1161,1162,1996,0,0,0,0,0,1,0,0,0,0,0,0,0,0,0,0,0,0,0
1162,1163,1996,0,0,0,0,0,0,0,0,1,0,0,0,0,0,0,0,0,0,0
1163,1164,1997,0,0,0,0,1,0,0,0,0,0,0,0,0,0,0,0,0,0,0
1164,1165,1996,0,0,0,0,0,1,0,0,1,0,0,0,0,0,0,0,0,0,0
1165,1166,1993,0,0,0,0,0,1,0,0,0,0,0,0,0,0,0,0,0,0,0
1166,1167,1994,0,0,0,0,0,1,0,0,0,0,0,0,0,0,0,0,0,0,0
1167,1168,1993,0,0,0,0,0,0,0,0,1,0,0,0,0,0,0,0,0,0,0
1168,1169,1994,0,0,0,0,0,0,0,0,1,0,0,0,0,0,0,0,0,0,0
1169,1170,1994,0,0,0,0,0,1,0,0,1,0,0,0,0,0,0,0,0,0,0
1170,1171,1994,0,0,0,0,0,0,0,0,1,0,0,0,0,0,0,0,0,0,0
1171,1172,1939,0,0,0,0,0,1,0,0,0,0,0,0,0,0,0,0,0,0,0
1172,1173,1997,0,0,0,0,0,0,0,0,1,0,0,0,0,0,1,0,0,0,0
1173,1174,1996,0,0,0,0,0,0,0,0,1,0,0,0,0,0,0,0,1,0,0
1174,1175,1997,0,0,0,0,0,0,0,0,0,0,0,0,0,0,1,0,0,0,0
1175,1176,1997,0,0,0,0,0,0,0,0,1,0,0,0,0,0,0,0,0,1,0
1176,1177,1996,0,0,0,0,0,1,0,0,0,0,0,0,0,0,0,0,0,0,0
1177,1178,1994,0,0,0,0,0,1,0,0,0,0,0,0,0,0,0,0,0,0,0
1178,1179,1995,0,0,0,0,0,1,0,0,0,0,0,0,0,0,0,0,0,0,0
1179,1180,1994,0,1,0,0,0,1,0,0,0,0,0,0,0,0,0,0,0,0,0
1180,1181,1994,0,1,0,0,0,1,0,0,0,0,0,0,0,0,0,0,0,0,0
1181,1182,1994,0,0,0,0,0,1,0,0,0,0,0,0,0,0,0,0,0,0,0
1182,1183,1994,0,1,0,0,0,1,0,0,0,0,0,0,0,0,0,0,0,0,0
1183,1184,1994,0,0,0,0,0,0,0,1,0,0,0,0,0,0,0,0,0,0,0
1184,1185,1994,0,0,0,0,0,1,0,0,0,0,0,0,0,0,0,0,0,1,0
1185,1186,1994,0,0,0,0,0,1,0,0,1,0,0,0,0,0,0,0,0,0,0
1186,1187,1975,0,0,0,0,0,0,1,0,0,0,0,0,0,0,0,0,0,0,0
1187,1188,1990,0,1,0,0,0,1,0,0,0,0,0,0,0,0,0,0,0,0,1
1188,1189,1997,0,0,0,0,0,0,0,0,1,0,0,0,0,0,0,0,0,0,0
1189,1190,1997,0,0,0,0,0,1,0,0,0,0,0,0,0,0,1,0,0,0,0
1190,1191,1998,0,0,0,0,0,0,1,0,1,0,0,0,0,0,0,0,0,0,0
1191,1192,1993,0,0,0,0,0,0,0,0,1,0,0,0,0,0,0,0,0,0,0
1192,1193,1994,0,0,0,0,0,0,0,0,1,0,0,0,0,0,0,0,0,0,0
1193,1194,1994,0,0,0,0,0,0,1,0,1,0,0,0,0,0,0,0,0,0,0
1194,1195,1993,0,0,0,0,0,0,0,0,1,0,0,0,0,0,0,0,0,0,0
1195,1196,1992,0,0,0,0,0,0,0,0,1,0,0,0,0,0,0,0,0,0,0
1196,1197,1996,0,0,0,0,0,1,0,0,1,0,0,0,0,0,0,0,0,0,0
1197,1198,1960,0,0,0,0,0,0,1,0,0,0,0,0,0,0,0,0,1,0,0
1198,1199,1996,0,0,0,0,0,1,0,0,0,0,0,1,0,0,0,0,0,0,0
1199,1200,1950,0,0,0,0,1,0,0,0,1,0,0,0,0,0,0,0,0,0,0
1200,1201,1996,0,0,0,0,0,0,0,1,0,0,0,0,0,0,0,0,0,0,0
1201,1202,1996,0,0,0,0,0,1,0,0,0,0,0,0,0,0,0,0,0,0,0
1202,1203,1935,0,0,0,0,0,1,0,0,0,0,0,0,1,0,1,0,0,0,0
1203,1204,1942,0,0,0,0,0,1,0,0,1,0,0,0,0,0,0,0,0,1,0
1204,1205,1996,0,0,0,0,0,0,0,0,1,0,0,0,0,0,0,0,0,0,0
1205,1206,1993,0,0,0,0,0,1,0,0,0,0,0,0,0,0,0,0,0,0,0
1206,1207,1995,0,0,0,0,0,0,0,0,0,0,0,0,0,0,0,0,1,0,0
1207,1208,1995,0,0,0,0,0,0,1,0,1,0,0,0,0,0,0,0,1,0,0
1208,1209,1994,0,0,0,0,0,1,0,0,0,0,0,0,0,0,0,0,0,0,0
1209,1210,1995,0,0,0,0,0,0,0,0,0,0,0,0,0,0,0,1,1,0,0
1210,1211,1994,0,0,0,0,0,0,0,0,1,0,0,0,0,0,1,0,0,0,0
1211,1212,1993,0,0,0,0,0,0,0,0,1,0,0,0,0,1,1,0,0,0,0
1212,1213,1993,0,0,0,0,0,0,1,0,1,0,0,0,0,0,0,0,1,0,0
1213,1214,1976,0,0,0,0,0,0,0,0,1,0,0,0,0,0,0,0,0,0,0
1214,1215,1996,0,1,0,0,0,0,0,0,0,0,0,0,0,0,0,1,0,0,0
1215,1216,1997,0,0,0,0,0,0,0,0,0,0,0,0,0,0,1,0,0,0,0
1216,1217,1995,0,0,0,0,0,0,0,0,0,0,0,0,0,0,0,0,1,0,0
1217,1218,1995,0,0,0,0,0,1,0,0,0,0,0,0,0,0,0,0,0,0,0
1218,1219,1995,0,0,0,1,1,1,0,0,0,0,0,0,0,0,1,0,0,0,0
1219,1220,1995,0,0,0,0,0,0,0,0,1,0,0,0,0,0,0,0,0,0,0
1220,1221,1994,0,0,0,0,0,0,0,0,1,0,0,0,0,0,0,0,0,0,0
1221,1222,1993,0,1,0,0,0,0,0,0,0,0,0,0,0,0,0,0,0,0,0
1222,1223,1993,0,0,0,0,0,0,0,0,1,0,0,0,0,0,0,0,0,0,0
1223,1224,1994,0,0,0,0,0,0,0,0,1,0,0,0,0,0,0,0,0,0,0
1224,1225,1995,0,0,0,0,0,1,0,0,0,0,0,0,0,0,0,0,0,0,0
1225,1226,1997,0,0,0,0,0,0,1,0,1,0,0,0,0,0,0,0,0,0,0
1226,1227,1995,0,0,0,0,0,0,0,0,1,0,0,0,0,0,0,0,0,0,0
1227,1228,1995,0,1,0,0,0,0,0,0,0,0,0,0,0,0,0,0,0,0,0
1228,1229,1995,0,0,0,0,0,0,0,0,1,0,0,0,0,0,0,0,1,0,0
1229,1230,1994,0,0,0,0,0,1,0,0,0,0,0,0,0,0,0,0,0,0,0
1230,1231,1990,0,1,0,0,0,0,0,0,1,0,0,0,0,0,0,0,0,0,0
1231,1232,1991,0,0,0,0,0,0,0,1,0,0,0,0,0,0,0,0,0,0,0
1232,1233,1996,0,0,0,0,0,0,0,0,1,0,0,0,0,0,0,0,0,0,0
1233,1234,1998,0,0,0,0,0,1,0,0,0,0,0,0,0,0,0,0,0,0,0
1234,1235,1994,0,0,0,0,0,0,1,0,0,0,0,0,0,0,0,0,0,0,0
1235,1236,1997,0,0,0,0,0,0,0,0,1,0,0,0,0,0,0,0,0,0,0
1236,1237,1996,0,0,0,0,0,1,0,0,1,0,0,0,0,0,0,0,0,0,0
1237,1238,1996,0,0,0,0,0,0,0,0,1,0,0,0,0,0,0,0,0,0,0
1238,1239,1995,0,1,1,0,0,0,0,0,0,0,0,0,0,0,1,0,0,0,0
1239,1240,1996,0,0,0,1,0,0,0,0,0,0,0,0,0,0,0,1,0,0,0
1240,1241,1997,0,0,0,0,0,1,0,0,1,0,0,0,0,0,0,0,0,0,0
1241,1242,1991,0,0,0,0,0,1,0,0,0,0,0,0,0,0,0,0,0,0,0
1242,1243,1998,0,0,0,0,0,0,0,0,0,0,0,1,0,0,0,0,0,0,0
1243,1244,1997,0,1,0,0,0,0,0,0,0,0,0,0,0,0,0,0,0,0,0
1244,1245,1997,0,0,0,0,0,0,1,0,0,0,0,0,0,0,0,0,0,0,0
1245,1246,1995,0,0,0,0,0,1,0,0,0,0,0,0,0,0,0,0,0,0,0
1246,1247,1994,0,0,0,0,0,0,0,0,0,0,0,0,0,0,0,0,0,0,1
1247,1248,1994,0,0,0,0,0,0,0,0,0,0,0,0,0,0,0,0,1,0,0
1248,1249,1993,0,0,0,0,0,1,0,0,0,0,0,0,0,0,0,0,0,0,0
1249,1250,1995,0,1,0,0,0,0,0,0,0,0,0,0,0,0,0,0,0,0,0
1250,1251,1997,0,0,0,0,0,1,0,0,0,0,0,0,0,0,0,0,0,0,0
1251,1252,1997,0,0,0,0,0,0,0,0,1,0,0,0,0,0,0,0,0,0,0
1252,1253,1995,0,0,0,0,0,0,0,0,0,0,0,0,0,0,0,0,1,0,0
1253,1254,1997,0,0,0,0,0,1,0,0,0,0,0,0,0,0,0,0,0,0,0
1254,1255,1997,0,0,0,0,0,0,0,0,1,0,0,0,0,0,0,0,0,0,0
1255,1256,1997,0,0,0,0,0,0,0,0,1,0,0,0,0,0,0,0,0,0,0
1256,1257,1997,0,0,0,0,0,0,0,0,1,0,0,0,0,0,0,0,0,0,0
1257,1258,1997,0,0,0,0,0,1,0,0,0,0,0,0,0,0,1,0,0,0,0
1258,1259,1996,0,0,0,0,0,1,0,0,0,0,0,0,0,0,1,0,0,0,0
1259,1260,1995,0,0,0,0,0,0,0,0,1,0,0,0,0,0,0,0,0,0,0
1260,1261,1995,0,0,0,0,0,0,0,0,1,0,0,0,0,0,0,0,0,0,0
1261,1262,1996,0,0,0,0,0,0,0,0,0,0,0,0,0,0,1,0,0,0,0
1262,1263,1996,0,0,0,0,0,0,0,0,1,0,0,0,0,0,0,0,0,0,0
1263,1264,1996,0,0,0,0,0,0,0,0,1,0,0,0,0,0,0,0,0,0,0
1264,1265,1997,0,0,0,0,0,0,0,0,1,0,0,0,0,0,0,0,0,0,0
1265,1266,1973,0,0,0,0,0,0,0,0,1,0,0,0,0,0,0,0,0,0,0
1266,1267,1995,0,0,0,0,0,0,0,0,1,0,0,0,0,0,0,0,0,0,0
1267,1268,1992,0,0,0,0,0,0,0,0,1,0,0,0,0,0,0,0,0,0,0
1268,1269,1957,0,0,0,0,0,1,0,0,0,0,0,0,0,0,1,0,0,0,0
1269,1270,1993,0,0,0,0,0,1,0,0,0,0,0,0,0,0,0,0,0,0,0
1270,1271,1994,0,0,0,0,0,1,0,0,0,0,0,0,0,0,0,0,0,0,0
1271,1272,1994,0,0,0,0,0,1,0,0,1,0,0,0,0,0,0,0,0,0,0
1272,1273,1994,0,0,0,0,0,0,0,0,1,0,0,0,0,0,0,0,1,0,0
1273,1274,1993,0,0,0,0,0,0,0,0,0,0,0,0,0,0,0,1,1,0,0
1274,1275,1994,0,0,0,0,0,0,0,0,0,0,0,0,0,0,0,0,1,0,0
1275,1276,1996,0,0,0,0,0,0,0,0,1,0,0,0,0,0,0,0,0,0,0
1276,1277,1996,0,1,0,0,0,0,1,0,0,0,0,0,0,0,0,0,0,0,0
1277,1278,1997,0,0,0,0,0,0,0,0,1,0,0,0,1,0,0,0,0,0,0
1278,1279,1997,0,0,1,0,1,0,0,0,0,0,0,0,0,0,0,0,0,0,0
1279,1280,1997,0,0,0,0,0,0,1,0,0,0,0,0,0,0,0,0,0,0,0
1280,1281,1996,0,0,0,0,0,0,0,0,1,0,0,0,0,0,0,0,0,0,0
1281,1282,1996,0,0,0,0,0,0,0,0,1,0,0,0,0,0,0,0,0,0,0
1282,1283,1997,0,0,0,0,0,1,0,0,0,0,0,0,0,0,0,0,0,0,0
1283,1284,1996,0,0,0,0,0,0,0,0,1,0,0,0,0,1,0,0,0,0,0
1284,1285,1994,0,0,0,0,0,0,0,0,1,0,0,0,0,0,0,0,0,0,0
1285,1286,1937,0,0,0,0,0,1,0,0,0,0,0,0,1,0,1,0,0,0,0
1286,1287,1996,0,0,0,0,0,1,0,0,0,0,0,0,0,0,0,0,0,0,0
1287,1288,1996,0,0,0,0,0,1,0,0,0,0,0,0,0,0,0,0,0,0,0
1288,1289,1996,0,0,0,0,0,0,0,0,0,0,0,0,0,0,1,0,0,0,0
1289,1290,1994,0,0,0,0,0,0,0,0,1,0,0,0,0,0,1,0,0,0,0
1290,1291,1996,0,0,0,0,0,1,0,0,0,0,0,0,0,0,0,0,0,0,0
1291,1292,1997,0,0,0,0,1,0,0,0,0,1,0,0,0,0,0,0,0,0,0
1292,1293,1998,0,0,1,0,1,0,0,0,0,1,0,0,0,0,0,1,0,0,0
1293,1294,1998,0,0,0,0,0,0,0,1,0,0,0,0,0,0,0,0,0,0,0
1294,1295,1997,0,0,0,0,0,1,0,0,1,0,0,0,0,0,0,0,0,0,0
1295,1296,1996,0,0,0,0,0,1,0,0,1,0,0,0,0,0,0,0,0,0,0
1296,1297,1994,0,0,0,0,0,0,0,0,1,0,0,0,0,0,1,0,0,0,0
1297,1298,1953,0,0,0,0,0,1,0,0,0,0,0,0,1,0,0,0,0,0,0
1298,1299,1941,0,0,0,0,0,0,0,0,1,0,0,0,0,0,1,0,0,0,0
1299,1300,1997,0,0,0,0,0,0,0,0,1,0,0,0,0,0,1,0,0,0,0
1300,1301,1981,0,0,0,0,0,1,0,0,0,0,0,0,0,0,0,0,0,0,0
1301,1302,1997,0,0,0,0,0,1,0,0,0,0,0,0,0,0,0,0,0,0,0
1302,1303,1994,0,1,0,0,0,0,0,0,0,0,0,0,0,0,0,0,0,0,0
1303,1304,1996,0,1,0,0,0,0,1,0,0,0,0,0,0,0,0,0,0,0,0
1304,1305,1995,0,0,0,0,0,1,0,0,0,0,0,0,0,0,0,0,0,0,0
1305,1306,1994,0,0,0,0,0,0,0,0,1,0,0,0,0,0,0,0,0,0,0
1306,1307,1994,0,0,0,0,0,0,0,1,0,0,0,0,0,0,0,0,0,0,0
1307,1308,1994,0,0,0,0,0,1,0,0,1,0,0,0,0,0,0,0,0,0,0
1308,1309,1974,0,0,0,0,0,0,0,0,1,0,0,0,0,0,0,0,0,0,0
1309,1310,1945,0,0,0,0,0,0,0,0,1,0,0,0,0,0,0,0,0,0,0
1310,1311,1996,0,0,0,0,0,1,0,0,1,0,0,0,0,0,0,0,0,0,0
1311,1312,1996,0,0,0,0,0,1,0,0,1,0,0,0,0,0,0,0,0,0,0
1312,1313,1998,0,0,0,0,0,0,0,0,0,0,1,0,0,1,0,0,1,0,0
1313,1314,1994,0,1,1,0,0,0,0,0,0,0,0,0,0,0,0,0,1,0,0
1314,1315,1997,0,0,0,0,0,0,0,0,1,0,0,0,0,0,1,0,0,0,0
1315,1316,1997,0,0,0,0,0,0,0,0,1,0,0,0,0,0,0,0,0,0,0
1316,1317,1996,0,0,0,0,0,0,0,0,1,0,0,0,0,0,0,0,0,0,0
1317,1318,1996,0,0,0,0,0,0,0,1,0,0,0,0,0,0,0,0,0,0,0
1318,1319,1996,0,0,0,0,0,0,0,0,1,0,0,0,0,0,0,0,0,0,0
1319,1320,1996,0,0,0,0,0,0,0,0,1,0,0,0,0,0,0,0,0,0,0
1320,1321,1996,0,0,0,0,0,1,0,0,0,0,0,0,0,0,0,0,0,0,0
1321,1322,1993,0,0,0,0,0,1,0,0,0,0,0,0,0,0,0,0,0,0,0
1322,1323,1994,0,0,0,0,0,0,0,0,1,0,0,0,0,0,0,0,0,0,0
1323,1324,1996,0,0,0,0,0,0,0,0,1,0,0,0,0,0,0,0,1,0,0
1324,1325,1996,0,0,0,0,0,0,0,0,1,0,0,0,0,0,0,0,0,0,0
1325,1326,1996,0,0,0,0,0,0,0,0,1,0,0,0,0,0,0,0,0,0,0
1326,1327,1994,0,0,0,0,0,0,0,0,1,0,0,0,0,0,0,0,0,0,0
1327,1328,1996,0,0,0,0,0,0,0,0,1,0,0,0,0,0,0,0,0,0,0
1328,1329,1996,0,0,0,0,0,0,0,0,1,0,0,0,0,0,0,0,0,0,0
1329,1330,1994,0,0,0,0,0,0,0,0,1,0,0,0,0,0,0,0,0,0,0
1330,1331,1995,0,0,0,0,0,0,0,1,0,0,0,0,0,0,0,0,0,0,0
1331,1332,1993,0,0,0,0,0,0,0,0,1,0,0,0,0,0,0,0,0,0,0
1332,1333,1994,0,0,0,0,0,1,0,0,1,0,0,0,0,0,0,0,0,0,0
1333,1334,1996,0,0,0,0,0,0,0,0,1,0,0,0,0,0,0,0,0,0,0
1334,1335,1996,0,0,0,0,0,0,0,0,1,0,0,0,0,0,0,0,0,0,0
1335,1336,1996,0,0,0,0,1,1,0,0,0,1,0,0,0,0,0,0,0,0,0
1336,1337,1996,0,0,0,0,0,1,0,0,0,0,0,0,0,0,0,0,0,0,0
1337,1338,1996,0,0,0,0,0,0,0,0,1,0,0,0,0,0,0,0,0,0,0
1338,1339,1993,0,0,0,0,0,1,0,0,1,0,0,0,0,0,0,0,0,0,0
1339,1340,1995,0,0,0,0,0,0,0,0,0,0,0,0,0,0,1,0,0,0,0
1340,1341,1992,0,0,0,0,0,0,0,0,1,0,0,0,0,0,0,0,0,0,0
1341,1342,1996,0,0,0,0,0,0,0,0,1,0,0,0,0,0,0,0,0,0,0
1342,1343,1995,0,0,0,0,0,0,0,0,1,0,0,0,0,0,0,0,0,0,0
1343,1344,1993,0,0,0,0,0,0,0,0,1,0,0,0,0,0,0,0,0,0,0
1344,1345,1994,0,0,0,0,0,0,0,0,1,0,0,0,0,0,0,0,0,0,0
1345,1346,1992,0,0,0,0,0,0,0,0,1,0,0,0,0,0,0,0,0,0,0
1346,1347,1958,0,0,0,0,0,0,0,0,1,0,0,0,0,0,0,0,0,0,0
1347,1348,1990,0,0,0,0,0,0,0,0,1,0,0,0,0,0,0,0,0,0,0
1348,1349,1993,0,0,0,0,0,1,0,0,0,0,0,0,0,0,0,0,0,0,0
1349,1350,1949,0,0,0,0,0,0,0,0,1,0,0,0,0,0,0,0,0,0,0
1350,1351,1996,0,0,0,0,0,1,0,0,0,0,0,0,0,0,0,0,0,0,0
1351,1352,1976,0,0,0,0,0,0,0,0,1,0,0,0,0,0,0,0,0,0,0
1352,1353,1994,0,0,0,0,0,0,0,0,0,0,0,0,0,0,1,0,0,0,0
1353,1354,1992,0,0,0,0,0,0,0,0,1,0,0,0,0,0,0,0,0,0,0
1354,1355,1996,0,0,0,0,0,0,0,0,1,0,0,0,0,0,0,0,0,0,0
1355,1356,1996,0,0,0,0,0,1,0,0,0,0,0,0,0,0,0,0,0,0,0
1356,1357,1994,0,0,0,0,0,0,0,0,0,0,0,0,0,0,1,0,0,1,0
1359,1360,1994,0,0,0,0,0,1,0,0,0,0,0,0,0,0,0,0,0,0,0
1360,1361,1996,0,0,0,0,0,1,0,0,0,0,0,0,0,0,0,0,0,0,0
1361,1362,1996,0,1,0,0,0,0,0,0,0,0,0,0,0,0,0,0,0,0,0
1362,1363,1996,0,0,0,0,0,0,0,1,0,0,0,0,0,0,0,0,0,0,0
1363,1364,1996,0,1,0,0,0,0,0,0,0,0,0,0,0,0,0,0,0,0,0
1364,1365,1993,0,1,0,0,0,0,0,0,1,0,0,0,0,0,0,0,0,0,0
1365,1366,1994,0,0,0,0,0,0,0,1,1,0,0,0,0,0,0,0,0,0,0
1366,1367,1994,0,0,0,1,0,0,0,0,0,0,0,0,0,0,0,0,0,0,0
1367,1368,1994,0,0,0,0,0,0,0,0,1,0,0,0,0,0,0,0,0,0,0
1368,1369,1950,0,0,0,0,0,0,0,0,1,0,0,0,0,0,0,0,0,0,0
1369,1370,1994,0,0,0,0,0,0,0,0,1,0,0,0,0,0,0,0,1,0,0
1370,1371,1994,0,0,0,0,0,1,0,0,0,0,0,1,0,0,0,0,0,0,0
1371,1372,1994,0,1,0,0,0,0,0,0,0,0,0,0,0,0,0,0,0,0,0
1372,1373,1971,1,0,0,0,0,0,0,0,0,0,0,0,0,0,0,0,0,0,0
1373,1374,1980,0,0,0,0,0,1,0,0,0,0,0,0,0,0,0,0,0,0,0
1374,1375,1993,0,0,0,0,0,0,0,0,1,0,0,0,0,0,0,0,0,0,0
1375,1376,1997,0,0,0,0,0,1,0,0,0,0,0,0,0,0,0,0,0,0,0
1376,1377,1997,0,0,0,0,0,1,0,0,0,0,0,0,0,0,1,0,0,0,0
1377,1378,1997,0,0,0,0,0,0,0,1,0,0,0,0,0,0,0,0,0,0,0
1378,1379,1997,0,0,0,0,0,0,0,0,0,0,0,0,0,0,1,0,0,0,0
1379,1380,1997,0,0,0,0,0,0,0,0,1,0,0,0,0,0,0,0,0,0,0
1380,1381,1996,0,0,0,0,0,0,0,0,1,0,0,0,0,0,0,0,0,0,0
1381,1382,1997,0,0,0,0,0,0,0,0,1,0,0,0,0,0,0,0,0,0,0
1382,1383,1997,0,0,1,0,1,0,0,0,0,0,0,0,0,0,0,0,0,0,0
1383,1384,1997,0,0,0,0,0,0,0,0,1,0,0,0,0,0,0,0,0,0,0
1384,1385,1997,0,0,0,0,0,1,0,0,0,0,0,0,0,0,1,0,0,0,0
1385,1386,1997,0,0,0,0,0,0,0,0,0,0,0,0,0,0,0,1,0,0,0
1386,1387,1997,0,0,0,0,0,0,0,0,0,0,0,0,0,0,1,0,0,0,0
1387,1388,1997,0,0,0,0,0,0,0,0,1,0,0,0,0,0,0,0,0,0,0
1388,1389,1997,0,0,0,0,0,0,0,0,1,0,0,0,0,0,0,0,0,0,0
1389,1390,1997,0,0,0,0,0,0,1,0,0,0,0,0,0,0,0,0,0,0,0
1390,1391,1997,0,0,0,0,0,0,0,0,1,0,0,0,0,0,0,0,0,0,0
1391,1392,1997,0,0,0,0,0,0,0,0,1,0,0,0,0,0,0,0,0,0,0
1392,1393,1997,0,1,0,0,0,0,0,0,0,0,0,0,0,0,0,0,1,0,0
1393,1394,1997,0,0,0,0,0,0,0,0,0,0,0,0,0,0,1,0,0,0,0
1394,1395,1998,0,0,0,0,0,0,0,0,1,0,0,0,0,0,0,0,0,0,0
1395,1396,1996,0,0,0,0,0,0,0,0,1,0,0,0,0,0,0,0,0,0,0
1396,1397,1934,0,0,0,0,0,0,0,0,1,0,0,0,0,0,0,0,0,0,0
1397,1398,1996,0,0,0,0,0,0,0,0,1,0,0,0,0,0,0,0,0,0,0
1398,1399,1997,0,0,0,0,0,0,0,0,0,0,0,0,0,0,0,0,1,0,0
1399,1400,1995,0,0,0,0,0,0,0,0,1,0,0,0,0,0,1,0,0,0,0
1400,1401,1993,0,0,0,0,0,0,0,0,1,0,0,0,0,0,0,0,0,0,0
1401,1402,1993,0,0,0,0,0,0,0,0,1,0,0,0,0,0,0,0,0,0,0
1402,1403,1994,0,0,0,0,0,1,0,0,1,0,0,0,0,0,0,0,0,0,0
1403,1404,1987,0,0,0,0,0,1,0,0,0,0,0,0,0,0,0,0,0,0,0
1404,1405,1997,0,0,0,0,0,0,0,0,1,0,0,0,0,0,0,0,0,0,0
1405,1406,1995,0,0,0,0,0,0,0,0,1,0,0,0,0,0,1,0,0,0,0
1406,1407,1994,0,1,0,0,0,0,0,0,0,0,0,0,0,0,0,0,0,0,0
1407,1408,1995,0,0,0,0,0,1,0,0,0,0,0,0,0,0,0,0,0,0,0
1408,1409,1994,0,0,0,1,1,0,0,0,0,0,0,0,0,0,0,0,0,0,0
1409,1410,1993,0,0,0,0,0,0,0,0,1,0,0,0,0,0,0,0,0,0,0
1410,1411,1968,0,0,1,0,0,0,0,0,0,0,0,0,0,0,0,1,0,0,0
1411,1412,1995,0,0,0,1,1,0,0,0,0,0,0,0,0,0,0,0,0,0,0
1412,1413,1994,0,1,0,0,0,0,0,0,0,0,0,0,0,0,0,0,0,0,0
1413,1414,1995,0,1,0,0,0,0,0,0,0,0,0,0,0,0,0,0,0,0,0
1414,1415,1994,0,1,0,0,1,0,0,0,0,0,0,0,0,0,0,0,0,0,0
1415,1416,1994,0,1,0,0,0,0,0,0,0,0,0,0,0,0,0,1,0,0,0
1416,1417,1997,0,0,0,0,0,0,0,0,1,0,0,0,0,0,0,0,0,0,0
1417,1418,1993,0,0,0,0,0,0,0,0,1,0,0,0,0,0,0,0,0,0,0
1418,1419,1994,0,1,0,0,0,0,0,0,0,0,0,0,0,0,0,1,0,0,0
1419,1420,1997,0,0,0,0,0,1,0,0,0,0,0,0,0,0,0,0,0,0,0
1420,1421,1993,0,0,0,0,0,0,0,0,1,0,0,0,0,0,0,0,0,0,0
1421,1422,1993,0,0,0,0,0,0,0,0,0,0,1,0,0,0,0,0,1,0,0
1422,1423,1995,0,0,0,0,0,0,0,0,1,0,0,0,0,0,0,0,0,1,0
1423,1424,1994,0,0,0,0,0,1,0,0,1,0,0,0,0,0,1,0,0,0,0
1424,1425,1994,0,0,0,0,0,1,0,0,1,0,0,0,0,0,0,0,0,0,0
1425,1426,1996,0,0,0,0,0,1,0,0,1,0,0,0,0,0,0,0,0,0,0
1426,1427,1996,0,0,0,0,0,0,0,0,1,0,0,0,0,0,0,0,0,0,0
1427,1428,1997,0,0,0,0,0,1,0,0,0,0,0,0,0,0,0,0,0,0,0
1428,1429,1998,0,0,0,0,0,0,0,0,1,0,0,0,0,0,1,0,0,0,0
1429,1430,1997,0,0,0,0,0,0,0,0,1,0,0,0,0,0,0,0,0,0,0
1430,1431,1997,0,0,0,0,0,0,0,0,0,0,0,0,0,0,0,0,1,0,0
1431,1432,1998,0,0,0,0,0,0,0,0,1,0,0,0,0,0,0,0,0,0,0
1432,1433,1997,0,1,0,0,0,0,0,0,1,0,0,0,0,0,0,0,0,0,0
1433,1434,1998,0,0,0,0,0,0,0,0,0,0,0,0,0,0,1,0,0,0,0
1434,1435,1995,0,0,0,0,0,1,0,0,0,0,0,0,0,0,0,0,0,0,0
1435,1436,1993,0,0,0,0,0,0,0,0,1,0,0,0,0,0,1,0,0,0,0
1436,1437,1994,0,0,0,0,0,1,0,0,0,0,0,0,0,0,0,0,0,0,0
1437,1438,1995,0,0,0,0,0,0,0,0,1,0,0,0,0,0,0,0,0,0,0
1438,1439,1994,0,0,0,0,0,0,1,0,1,0,0,0,0,0,0,0,0,0,0
1439,1440,1994,0,0,0,0,0,0,0,0,1,0,0,0,0,0,0,0,0,0,0
1440,1441,1995,0,0,0,0,0,0,0,0,1,0,0,0,0,0,1,0,0,0,0
1441,1442,1995,0,0,0,0,0,0,0,0,1,0,0,0,0,0,0,0,0,0,0
1442,1443,1994,0,0,0,0,0,0,0,0,1,0,0,0,0,0,0,0,0,0,0
1443,1444,1965,0,0,0,0,1,1,0,0,0,0,0,0,0,1,0,0,0,0,0
1444,1445,1994,0,0,0,0,0,0,0,0,1,0,0,0,0,0,0,0,0,0,0
1445,1446,1995,0,0,0,0,0,1,0,0,0,0,0,0,0,0,0,0,0,0,0
1446,1447,1993,0,0,0,0,0,0,0,0,1,0,0,0,0,0,0,0,0,0,0
1447,1448,1996,0,0,0,0,0,0,0,0,1,0,0,0,0,0,0,0,0,0,0
1448,1449,1996,0,0,0,0,0,0,0,0,1,0,0,0,0,0,0,0,0,0,0
1449,1450,1947,0,0,1,0,0,0,0,0,0,0,0,0,0,0,1,0,0,0,0
1450,1451,1940,0,0,0,0,0,0,0,0,0,0,0,0,0,0,0,0,1,0,0
1451,1452,1943,0,0,0,0,0,1,0,0,0,0,0,0,0,1,0,0,0,0,0
1452,1453,1946,0,0,0,0,0,0,1,0,1,0,0,0,0,0,0,0,0,0,0
1453,1454,1947,0,0,0,0,0,0,0,0,0,0,0,0,0,0,0,0,0,0,1
1454,1455,1943,0,0,0,0,0,0,0,0,0,0,0,0,0,0,0,0,0,0,1
1455,1456,1954,0,0,0,0,0,1,0,0,1,0,0,0,0,0,0,0,0,0,0
1456,1457,1996,0,0,0,0,0,1,0,0,1,0,0,0,0,0,0,0,0,0,0
1457,1458,1937,0,0,0,0,0,1,0,0,0,0,0,0,1,0,1,0,0,0,0
1458,1459,1996,0,0,0,0,0,0,0,0,0,0,0,0,1,0,0,0,0,0,0
1459,1460,1996,0,0,0,0,0,1,0,0,1,0,0,0,0,0,0,0,0,0,0
1460,1461,1935,0,0,0,0,0,1,0,0,0,0,0,0,0,0,0,0,0,0,0
1461,1462,1996,0,0,0,0,0,0,1,0,1,0,0,0,0,0,1,0,0,0,0
1462,1463,1997,0,0,0,0,0,1,0,0,0,0,0,0,0,0,0,0,0,0,0
1463,1464,1995,0,0,0,0,0,0,0,0,1,0,0,0,0,0,0,0,0,0,0
1464,1465,1995,0,0,0,0,0,1,0,0,1,0,0,0,0,0,0,0,0,0,0
1465,1466,1995,0,0,0,0,0,0,0,0,1,0,0,0,0,0,0,0,0,0,0
1466,1467,1993,0,0,0,0,0,0,0,0,1,0,0,0,0,0,0,0,0,0,0
1467,1468,1995,0,0,0,0,0,0,0,0,1,0,0,0,0,0,0,0,0,0,0
1468,1469,1995,0,0,1,0,1,0,0,0,0,0,0,0,0,0,0,0,0,0,0
1469,1470,1995,0,0,0,1,1,0,0,0,0,0,0,0,0,0,0,0,0,0,0
1470,1471,1995,0,0,0,0,0,0,0,0,0,0,0,0,0,0,0,0,1,0,0
1471,1472,1996,0,0,0,0,0,1,0,0,0,0,0,0,0,0,0,1,0,0,0
1472,1473,1939,0,0,0,0,1,0,0,0,1,0,0,0,0,0,0,0,0,0,0
1473,1474,1994,0,0,0,0,0,1,0,0,0,0,0,0,0,0,1,0,0,0,0
1474,1475,1993,0,0,0,0,0,1,0,0,1,0,0,0,0,0,0,0,0,0,0
1475,1476,1948,0,0,0,0,0,0,0,0,0,0,1,0,0,0,0,0,0,0,0
1476,1477,1997,0,0,0,0,0,0,0,0,0,0,0,1,0,0,0,0,1,0,0
1477,1478,1995,0,1,0,0,0,0,1,0,1,0,0,0,0,0,0,0,0,0,0
1478,1479,1995,0,0,0,0,0,1,0,0,0,0,0,0,0,0,0,0,0,0,0
1479,1480,1974,0,0,1,0,1,1,0,0,0,0,0,0,0,0,0,0,0,0,0
1480,1481,1994,0,0,0,0,0,0,0,0,1,0,0,0,0,0,0,0,0,0,0
1481,1482,1996,0,0,0,0,0,0,0,1,0,0,0,0,0,0,0,0,0,0,0
1482,1483,1998,0,1,0,0,0,0,0,0,1,0,0,0,0,0,1,0,0,0,0
1483,1484,1994,0,1,0,0,0,1,0,0,0,0,0,0,0,0,0,0,0,0,0
1484,1485,1994,0,0,0,0,0,0,0,0,1,0,0,0,0,0,1,0,0,1,0
1485,1486,1995,0,0,0,0,0,0,0,0,1,0,0,0,0,0,0,0,0,0,0
1486,1487,1993,0,0,0,0,0,1,0,0,0,0,0,0,0,0,1,0,0,0,0
1487,1488,1993,0,0,0,0,0,0,0,0,1,0,0,0,0,0,0,0,0,0,0
1488,1489,1994,0,0,0,0,0,1,0,0,0,0,0,0,0,0,0,0,0,0,0
1489,1490,1993,0,0,0,0,0,1,0,0,0,0,0,0,0,0,0,0,0,0,0
1490,1491,1995,0,1,0,0,0,0,0,0,1,0,0,0,0,0,0,0,1,0,0
1491,1492,1994,0,0,0,0,0,1,0,0,0,0,0,0,0,0,0,0,0,0,0
1492,1493,1996,0,0,0,0,0,0,0,0,0,0,0,0,0,0,1,0,0,0,0
1493,1494,1996,0,0,0,0,0,1,0,0,0,0,0,0,0,0,0,0,0,0,0
1494,1495,1996,0,0,0,0,0,0,0,0,1,0,0,0,0,0,0,0,0,0,0
1495,1496,1996,0,0,0,0,0,1,1,0,0,0,0,0,0,0,0,0,0,0,0
1496,1497,1996,0,0,0,0,0,0,0,1,0,0,0,0,0,0,0,0,0,0,0
1497,1498,1997,0,0,0,0,0,1,0,0,0,0,0,0,0,0,0,0,0,0,0
1498,1499,1994,0,0,0,0,0,1,0,0,0,0,0,0,0,0,0,0,0,0,0
1499,1500,1996,0,0,0,0,0,1,0,0,0,0,0,0,0,0,0,0,0,0,0
1500,1501,1997,0,0,0,0,0,0,0,0,0,0,0,0,0,0,0,0,0,1,0
1501,1502,1994,0,0,0,0,0,1,0,0,0,0,0,0,0,0,1,0,0,0,0
1502,1503,1995,0,0,1,0,1,0,0,0,0,0,0,0,0,0,0,0,0,0,0
1503,1504,1996,0,0,0,0,0,1,0,0,0,0,0,0,0,0,0,0,0,0,0
1504,1505,1996,0,0,0,0,0,0,1,0,1,0,0,0,0,0,0,0,0,0,0
1505,1506,1996,0,0,0,0,0,0,0,0,1,0,0,0,0,0,0,0,0,0,0
1506,1507,1996,0,0,0,0,0,1,0,0,0,0,0,0,0,0,0,0,0,0,0
1507,1508,1995,0,0,0,0,0,0,0,0,1,0,0,0,0,0,0,0,1,0,0
1508,1509,1994,0,0,0,0,0,1,0,0,0,0,0,0,0,0,0,0,0,0,0
1509,1510,1996,0,0,0,0,0,0,1,0,0,0,0,0,0,0,0,0,0,0,0
1510,1511,1997,0,0,0,0,0,1,0,0,0,0,0,0,0,0,0,0,0,0,0
1511,1512,1996,0,0,0,0,0,0,0,0,1,0,0,0,0,0,0,0,0,0,0
1512,1513,1997,0,0,0,0,0,1,0,0,0,0,0,0,0,0,0,0,0,0,0
1513,1514,1997,0,0,0,0,0,0,0,0,1,0,0,0,0,0,0,0,0,0,0
1514,1515,1995,0,0,1,0,0,0,0,0,0,0,0,0,0,0,1,0,0,0,0
1515,1516,1994,0,0,0,0,0,0,0,0,1,0,0,0,0,0,0,0,0,0,0
1516,1517,1996,0,0,0,0,0,0,0,0,1,0,0,0,0,0,0,0,0,0,0
1517,1518,1995,0,0,0,0,0,0,0,0,1,0,0,0,0,0,0,0,0,0,0
1518,1519,1995,0,0,0,0,0,0,1,0,1,0,0,0,0,0,0,0,0,0,0
1519,1520,1995,0,0,0,0,0,0,0,0,0,0,0,1,0,0,0,0,0,0,0
1520,1521,1993,0,0,0,0,0,1,0,0,0,0,0,0,0,0,1,0,0,0,0
1521,1522,1994,0,0,0,0,0,0,0,0,0,0,0,0,0,0,0,0,1,0,0
1522,1523,1994,0,1,1,0,0,0,0,0,0,0,0,0,0,0,0,0,0,0,0
1523,1524,1996,0,0,0,0,0,0,0,0,1,0,0,0,0,0,0,0,0,0,0
1524,1525,1998,0,0,0,0,0,1,0,0,0,0,0,0,0,0,1,0,0,0,0
1525,1526,1985,0,0,0,0,0,0,0,0,1,0,0,0,0,0,1,0,1,0,0
1526,1527,1998,0,0,0,0,0,1,0,0,0,0,0,0,0,0,0,0,0,0,0
1527,1528,1997,0,0,0,0,0,0,0,0,1,0,0,0,0,0,0,0,0,0,0
1528,1529,1996,0,0,0,0,0,0,0,0,0,0,0,0,0,0,0,0,0,1,0
1529,1530,1995,0,0,0,0,0,0,0,0,1,0,0,0,0,0,0,0,0,0,0
1530,1531,1995,0,0,1,0,1,0,0,0,0,0,0,0,0,0,0,0,0,0,0
1531,1532,1994,0,0,0,0,0,0,0,0,1,0,0,0,0,0,0,0,0,0,0
1532,1533,1993,0,0,0,0,0,0,0,0,1,0,0,0,0,0,0,0,0,0,0
1533,1534,1997,0,0,0,0,0,1,1,0,0,0,0,0,0,0,0,0,0,0,0
1534,1535,1994,0,0,0,0,0,0,0,0,1,0,0,0,0,0,0,0,0,0,0
1535,1536,1996,0,0,0,0,0,0,0,0,1,0,0,0,0,0,0,0,0,0,0
1536,1537,1997,0,0,0,0,0,1,0,0,0,0,0,0,0,0,0,0,0,0,0
1537,1538,1997,0,0,0,0,0,0,0,0,1,0,0,0,0,0,0,0,0,0,0
1538,1539,1993,0,0,0,0,0,0,0,0,1,0,0,0,0,0,0,0,0,0,0
1539,1540,1995,0,0,1,0,1,0,0,0,0,0,0,0,0,0,0,0,0,0,0
1540,1541,1994,0,0,0,0,0,0,0,0,1,0,0,0,0,0,0,0,0,0,0
1541,1542,1926,0,0,0,0,0,0,0,0,1,0,0,0,0,0,0,0,0,0,0
1542,1543,1996,0,0,0,0,0,0,0,0,1,0,0,0,0,0,0,0,0,0,0
1543,1544,1995,0,0,0,0,0,1,0,0,0,0,0,0,0,0,0,0,0,0,0
1544,1545,1995,0,0,0,0,0,0,0,0,1,0,0,0,0,0,1,0,0,0,0
1545,1546,1988,0,0,0,0,0,0,0,0,1,0,0,0,0,0,0,0,0,0,0
1546,1547,1995,0,0,0,0,0,0,0,1,0,0,0,0,0,0,0,0,0,0,0
1547,1548,1995,0,1,0,0,0,0,0,0,0,0,0,0,0,0,0,0,1,0,0
1548,1549,1995,0,0,0,0,0,0,0,0,0,0,0,0,0,0,0,0,1,0,0
1549,1550,1995,0,0,0,0,0,1,0,0,0,0,0,0,0,0,0,0,0,0,0
1550,1551,1994,0,0,0,0,0,0,0,0,1,0,0,0,0,0,0,0,0,0,0
1551,1552,1995,0,1,0,0,0,0,0,0,0,0,0,0,0,0,0,0,0,0,0
1552,1553,1995,0,0,0,0,0,0,0,0,0,0,0,0,0,1,0,0,1,0,0
1553,1554,1994,0,0,0,0,0,0,0,0,1,0,0,0,0,0,0,0,0,0,0
1554,1555,1993,0,0,1,0,1,0,0,0,0,0,0,0,0,0,0,0,0,0,0
1555,1556,1995,0,1,0,0,0,0,0,0,1,0,0,0,0,0,0,0,1,0,0
1556,1557,1996,0,0,0,0,0,1,0,0,1,0,0,0,0,0,0,0,0,0,0
1557,1558,1996,0,0,0,0,0,0,0,0,1,0,0,0,0,0,0,0,0,0,0
1558,1559,1994,0,1,0,0,0,0,0,0,1,0,0,0,0,0,0,0,1,0,0
1559,1560,1981,0,0,0,0,0,0,1,0,0,0,0,0,0,0,0,0,0,0,0
1560,1561,1994,0,0,0,0,0,0,0,1,1,0,0,0,0,0,0,0,0,0,0
1561,1562,1993,0,0,0,0,0,0,0,1,0,0,0,0,0,0,0,0,0,0,0
1562,1563,1994,0,0,0,0,0,0,0,0,0,0,0,0,0,0,1,0,0,0,0
1563,1564,1991,0,0,0,0,0,0,0,0,1,0,0,0,0,0,0,0,0,0,0
1564,1565,1992,0,0,0,0,0,0,0,0,1,0,0,0,0,0,0,0,0,0,0
1565,1566,1943,0,0,0,0,0,0,0,0,1,0,0,0,0,0,0,0,0,0,0
1566,1567,1992,0,0,0,0,0,1,0,0,0,0,0,0,0,0,0,0,0,0,0
1567,1568,1992,0,0,0,0,0,1,0,0,0,0,0,0,0,0,1,0,0,0,0
1568,1569,1987,0,0,0,0,0,1,0,0,1,0,0,0,0,0,0,0,0,0,0
1569,1570,1992,0,0,0,0,0,1,0,0,0,0,0,0,0,0,0,0,0,0,0
1570,1571,1973,0,0,0,0,0,0,0,0,1,0,0,0,0,0,0,0,0,0,0
1571,1572,1982,0,0,0,0,0,0,0,0,1,0,0,0,0,0,0,0,0,0,0
1572,1573,1968,0,0,0,0,0,0,0,0,0,0,0,1,0,0,0,0,0,0,0
1573,1574,1995,0,0,0,0,0,0,0,0,0,0,0,0,0,0,0,0,0,1,0
1574,1575,1990,0,0,0,0,0,0,0,0,1,0,0,0,0,0,0,0,0,0,0
1575,1576,1987,0,0,0,0,0,0,0,0,0,1,0,0,0,0,0,0,0,0,0
1576,1577,1956,0,0,0,0,0,0,0,0,1,0,0,0,0,0,0,0,0,0,0
1577,1578,1967,0,0,0,0,0,0,0,0,1,0,0,0,0,0,0,0,0,0,0
1578,1579,1988,0,0,0,0,0,0,0,0,0,0,0,0,0,0,0,0,1,0,0
1579,1580,1933,0,0,0,0,0,0,0,0,0,0,0,0,0,0,1,0,0,0,0
1580,1581,1950,0,0,0,0,0,0,0,0,0,0,0,0,0,1,0,0,0,0,0
1581,1582,1947,0,0,0,0,0,0,0,0,0,0,1,0,0,0,0,0,0,0,0
1582,1583,1986,0,0,0,0,0,0,0,0,1,0,0,0,0,0,0,0,0,0,0
1583,1584,1946,0,0,0,0,0,0,0,0,1,0,0,0,0,0,0,0,0,0,0
1584,1585,1990,0,0,0,0,0,0,0,1,0,0,0,0,0,0,0,0,0,0,0
1585,1586,1992,0,1,0,0,0,0,1,0,1,0,0,0,0,0,0,0,0,0,0
1586,1587,1958,0,0,0,0,0,0,0,0,0,0,0,0,0,0,0,0,0,0,1
1587,1588,1997,0,0,0,0,0,1,0,0,1,0,0,0,0,0,0,0,0,0,0
1588,1589,1997,0,0,0,0,0,1,0,0,0,0,0,0,0,0,0,0,0,0,0
1589,1590,1997,0,0,0,0,0,0,0,0,1,0,0,0,0,0,0,0,0,0,0
1590,1591,1998,0,0,0,0,0,0,0,0,1,0,0,0,0,0,0,0,0,0,0
1591,1592,1998,0,0,0,0,0,0,0,0,1,0,0,0,0,0,0,0,0,0,0
1592,1593,1996,0,0,0,0,0,1,0,0,0,0,0,0,0,0,0,0,0,0,0
1593,1594,1998,0,0,0,0,0,0,0,1,0,0,0,0,0,0,0,0,0,0,0
1594,1595,1996,0,1,0,0,0,0,0,0,0,0,0,0,0,0,0,0,1,0,0
1595,1596,1995,0,1,0,0,0,0,0,0,0,0,0,0,0,0,0,1,1,0,0
1596,1597,1992,0,1,0,0,0,0,0,0,1,0,0,0,0,0,0,0,0,0,0
1597,1598,1997,0,0,0,0,0,0,1,0,0,0,0,0,0,0,0,0,1,0,0
1598,1599,1996,0,0,0,0,0,0,0,0,1,0,0,0,0,0,0,0,0,0,0
1599,1600,1997,0,0,0,0,0,1,0,0,0,0,0,0,0,0,0,0,0,0,0
1600,1601,1997,0,0,0,0,0,0,0,0,0,0,0,0,0,0,0,0,1,0,0
1601,1602,1998,0,0,0,0,0,0,0,0,1,0,0,0,0,0,0,0,0,0,0
1602,1603,1996,0,0,0,0,0,0,0,0,1,0,0,0,0,0,0,0,0,0,0
1603,1604,1948,0,0,0,0,0,0,1,0,0,0,1,0,0,0,0,0,1,0,0
1604,1605,1997,0,0,0,0,0,1,0,0,0,0,0,0,0,0,0,0,0,0,0
1605,1606,1997,0,0,0,0,0,0,1,0,0,0,0,0,0,0,0,0,0,0,0
1606,1607,1998,0,0,0,0,0,0,0,0,1,0,0,0,0,0,0,0,0,0,0
1607,1608,1997,0,0,1,0,1,0,0,0,1,0,0,0,0,0,0,0,0,0,0
1608,1609,1997,0,0,0,0,0,1,0,0,0,0,0,0,0,0,0,0,0,0,0
1609,1610,1997,0,1,0,0,0,0,1,0,0,0,0,0,0,0,1,0,0,0,0
1610,1611,1997,0,0,0,0,0,1,0,0,0,0,0,0,0,0,0,0,0,0,0
1611,1612,1998,0,0,0,0,0,0,0,0,0,0,0,0,0,0,1,0,0,0,0
1612,1613,1998,0,1,0,0,0,0,0,0,1,0,0,0,0,0,0,0,0,0,0
1613,1614,1958,0,0,0,0,0,1,0,0,1,0,0,0,0,0,0,0,0,0,0
1614,1615,1997,0,1,1,0,1,0,0,0,0,1,0,0,0,0,0,0,0,0,0
1615,1616,1995,0,0,0,0,0,0,0,0,1,0,0,0,0,0,0,0,0,0,0
1616,1617,1997,0,0,0,0,0,0,0,0,0,0,0,0,0,0,1,0,0,0,0
1617,1618,1990,0,1,0,0,0,0,1,0,0,0,0,0,0,0,0,0,0,0,0
1618,1619,1996,0,0,0,0,0,0,0,0,1,0,0,0,0,0,0,0,0,0,0
1619,1620,1997,0,0,0,0,0,1,0,0,0,0,0,0,0,0,0,0,0,0,0
1620,1621,1996,0,0,0,0,0,0,0,0,0,0,0,0,0,0,0,0,1,0,0
1621,1622,1993,0,0,0,0,0,1,0,0,0,0,0,0,0,0,0,0,0,0,0
1622,1623,1996,0,0,0,0,0,0,0,0,1,0,0,0,0,0,0,0,0,0,0
1623,1624,1998,0,0,0,0,0,0,0,0,0,0,0,0,0,0,0,0,1,0,0
1624,1625,1997,0,0,0,0,0,0,0,0,0,0,0,1,0,0,0,0,1,0,0
1625,1626,1996,0,0,0,0,0,1,0,0,1,0,0,0,0,0,0,0,0,0,0
1626,1627,1996,0,0,0,0,0,1,0,0,1,0,0,0,0,0,0,0,0,0,0
1627,1628,1994,0,0,0,0,0,0,0,0,1,0,0,0,0,0,0,0,0,0,0
1628,1629,1995,0,0,0,0,0,0,0,1,0,0,0,0,0,0,0,0,0,0,0
1629,1630,1996,0,0,0,0,0,0,0,0,1,0,0,0,0,0,0,0,0,0,0
1630,1631,1993,0,0,0,0,0,1,0,0,1,0,0,0,0,0,0,0,0,0,0
1631,1632,1996,0,0,0,0,0,0,0,0,0,0,0,0,0,0,0,0,0,1,0
1632,1633,1996,0,0,0,0,0,1,0,0,1,0,0,0,0,0,0,0,0,0,0
1633,1634,1996,0,0,0,0,0,0,0,0,1,0,0,0,0,0,0,0,0,0,0
1634,1635,1986,0,0,0,0,0,0,0,0,1,0,0,0,0,0,0,0,0,0,0
1635,1636,1996,0,0,0,0,0,0,0,0,1,0,0,0,0,0,0,0,0,0,0
1636,1637,1996,0,0,0,0,0,0,0,0,1,0,0,0,0,0,0,0,0,0,0
1637,1638,1996,0,0,0,0,0,0,1,0,1,0,0,0,0,0,0,0,0,0,0
1638,1639,1996,0,0,0,0,0,0,0,0,1,0,0,0,0,0,0,0,0,0,0
1639,1640,1996,0,0,0,0,0,0,0,0,1,0,0,0,0,0,0,0,0,0,0
1640,1641,1996,0,0,0,0,0,0,0,1,0,0,0,0,0,0,0,0,0,0,0
1641,1642,1996,0,0,0,0,0,0,0,0,1,0,0,0,0,0,0,0,0,0,0
1642,1643,1997,0,0,0,0,0,0,0,0,1,0,0,0,0,0,0,0,0,0,0
1643,1644,1997,0,0,0,0,0,1,0,0,0,0,0,0,0,0,0,0,0,0,0
1644,1645,1998,0,0,0,0,0,0,0,0,1,0,0,0,0,0,0,0,0,0,0
1645,1646,1998,0,1,0,0,0,0,0,0,1,0,0,0,0,0,0,0,0,0,0
1646,1647,1998,0,0,0,0,0,1,1,0,1,0,0,0,0,0,0,0,0,0,0
1647,1648,1998,0,0,0,0,0,0,0,0,1,0,0,0,0,0,0,0,0,0,0
1648,1649,1998,0,0,0,0,0,1,0,1,0,0,0,0,0,0,0,0,0,0,0
1649,1650,1998,0,0,0,0,0,0,0,0,1,0,0,0,0,0,0,0,0,0,0
1650,1651,1998,0,0,0,0,0,0,0,0,1,0,0,0,0,0,0,0,1,0,0
1651,1652,1997,0,0,0,0,0,0,0,0,0,0,0,0,0,0,1,0,0,0,0
1652,1653,1996,0,0,0,0,0,0,0,0,1,0,0,0,0,0,0,0,0,0,0
1653,1654,1998,0,0,0,0,0,1,0,0,0,0,0,0,0,0,0,0,0,0,0
1654,1655,1994,0,0,0,0,0,1,0,0,0,0,0,0,0,0,1,0,0,0,0
1655,1656,1998,0,0,0,0,0,1,0,0,0,0,0,0,0,0,1,0,0,0,0
1656,1657,1996,0,1,0,0,0,0,0,0,1,0,0,0,0,0,0,0,0,0,0
1657,1658,1996,0,0,0,0,0,0,0,0,1,0,0,0,0,0,0,0,0,0,0
1658,1659,1996,0,0,0,0,0,1,0,0,0,0,0,0,0,0,0,0,0,0,0
1659,1660,1996,0,0,0,0,0,0,0,0,1,0,0,0,0,0,0,0,0,0,0
1660,1661,1994,0,0,0,0,0,0,0,0,1,0,0,0,0,0,0,0,0,0,0
1661,1662,1997,0,0,0,0,0,0,0,0,1,0,0,0,0,0,1,0,0,0,0
1662,1663,1997,0,0,0,0,0,0,0,0,1,0,0,0,0,0,0,0,0,1,0
1663,1664,1997,0,0,0,0,0,1,0,0,0,0,0,0,0,0,0,0,0,0,0
1664,1665,1997,0,0,0,0,0,0,0,0,1,0,0,0,0,0,0,0,0,0,0
1665,1666,1997,0,0,0,0,0,0,0,0,1,0,0,0,0,0,0,0,0,0,0
1666,1667,1997,0,0,0,0,0,0,0,0,1,0,0,0,0,0,0,0,0,0,0
1667,1668,1997,0,0,0,0,0,1,0,0,0,0,0,0,0,0,0,0,0,0,0
1668,1669,1997,0,0,0,0,0,0,1,0,1,0,0,0,0,1,0,0,0,0,0
1669,1670,1998,0,0,0,0,0,1,0,0,0,0,0,0,0,0,0,0,1,0,0
1670,1671,1998,0,0,0,0,0,0,0,0,1,0,0,0,0,0,0,0,0,0,0
1671,1672,1993,0,0,0,0,0,0,0,0,1,0,0,0,0,0,0,0,0,0,0
1672,1673,1995,0,1,0,0,0,0,0,0,0,0,0,0,0,0,0,0,1,0,0
1673,1674,1962,0,0,0,0,0,0,0,0,1,0,0,0,0,0,0,0,0,0,0
1674,1675,1996,0,0,0,0,0,0,0,0,1,0,0,0,0,0,0,0,0,0,0
1675,1676,1996,0,0,0,0,0,0,0,0,1,0,0,0,0,0,0,0,0,0,0
1676,1677,1996,0,0,0,0,0,0,0,0,1,0,0,0,0,0,0,0,0,0,0
1677,1678,1998,0,0,0,0,0,0,0,0,1,0,0,0,0,0,0,0,0,0,0
1678,1679,1998,0,0,0,0,0,0,0,0,0,0,0,0,0,0,1,0,1,0,0
1679,1680,1998,0,0,0,0,0,0,0,0,1,0,0,0,0,0,1,0,0,0,0
1680,1681,1994,0,0,0,0,0,1,0,0,0,0,0,0,0,0,0,0,0,0,0
1681,1682,1996,0,0,0,0,0,0,0,0,1,0,0,0,0,0,0,0,0,0,0
